mach,angle,metric,openfoam,simscale,delta,percent,flagged,qualification
0.3,-6.0,roll,-0.036549513065469066,-0.029865307242348975,0.0066842058231200915,18.28808447091225,False,PROVISIONAL_NOT_DESIGN_QUALIFIED
0.3,-6.0,cl,-0.03916822205441966,-0.03200510451935291,0.007163117535066751,18.28808447091226,False,PROVISIONAL_NOT_DESIGN_QUALIFIED
0.3,-6.0,yaw,-0.22526115183598802,-0.1403484714588327,0.08491268037715533,37.69521716686417,False,PROVISIONAL_NOT_DESIGN_QUALIFIED
0.3,-6.0,cn,-0.2414007212501584,-0.15040419513253478,0.09099652611762363,37.69521716686417,False,PROVISIONAL_NOT_DESIGN_QUALIFIED
0.3,-6.0,pitch,-0.027104998464446417,-0.023900699776073685,0.0032042986883727316,11.821799925854284,False,PROVISIONAL_NOT_DESIGN_QUALIFIED
0.3,-6.0,cm,-0.029047024422417324,-0.025613143310785118,0.0034338811116322067,11.821799925854283,False,PROVISIONAL_NOT_DESIGN_QUALIFIED
0.3,-6.0,axial,14.646779968662674,14.742301733785327,0.09552176512265298,0.6521690455309994,False,PROVISIONAL_NOT_DESIGN_QUALIFIED
0.3,-6.0,ca,0.9073971056510455,0.9133148686941458,0.005917763043100321,0.6521690455309976,False,PROVISIONAL_NOT_DESIGN_QUALIFIED
0.3,-6.0,side,-0.8380041276047904,-0.5550585829144257,0.2829455446903647,33.76421850081915,False,PROVISIONAL_NOT_DESIGN_QUALIFIED
0.3,-6.0,cy,-0.05191601987188484,-0.03438698148541296,0.017529038386471886,33.76421850081915,False,PROVISIONAL_NOT_DESIGN_QUALIFIED
0.3,-6.0,normal,0.09409322885383574,0.048172339152057736,-0.045920889701778,-48.80360708325935,False,PROVISIONAL_NOT_DESIGN_QUALIFIED
0.3,-6.0,cNormal,0.005829262384360623,0.0029843720744450295,-0.0028448903099155937,-48.803607083259344,False,PROVISIONAL_NOT_DESIGN_QUALIFIED
0.3,3.0,roll,0.0200668210306,0.020408689109000927,0.00034186807840092676,1.7036484148615785,False,PROVISIONAL_NOT_DESIGN_QUALIFIED
0.3,3.0,cl,0.02150457382687848,0.021870936158002834,0.0003663623311243522,1.703648414861574,False,PROVISIONAL_NOT_DESIGN_QUALIFIED
0.3,3.0,yaw,0.13839377442891101,0.16232626143478465,0.023932487005873637,17.293037280493483,False,PROVISIONAL_NOT_DESIGN_QUALIFIED
0.3,3.0,cn,0.14830944746298455,0.17395665550325234,0.025647208040267794,17.29303728049347,False,PROVISIONAL_NOT_DESIGN_QUALIFIED
0.3,3.0,pitch,-0.02234640721186518,0.01802666754696514,0.04037307475883032,180.66919830134302,False,PROVISIONAL_NOT_DESIGN_QUALIFIED
0.3,3.0,cm,-0.0239474883899274,0.01931824689746163,0.04326573528738903,180.66919830134302,False,PROVISIONAL_NOT_DESIGN_QUALIFIED
0.3,3.0,axial,14.5709308898,14.70202122157862,0.13109033177862095,0.8996702597113223,False,PROVISIONAL_NOT_DESIGN_QUALIFIED
0.3,3.0,ca,0.9026981045891368,0.9108194109711031,0.008121306381966287,0.8996702597113241,False,PROVISIONAL_NOT_DESIGN_QUALIFIED
0.3,3.0,side,0.505983731581,0.5920834455824755,0.08609971400147554,17.016300846758025,False,PROVISIONAL_NOT_DESIGN_QUALIFIED
0.3,3.0,cy,0.03134669698906084,0.03668074525424107,0.005334048265180233,17.01630084675803,False,PROVISIONAL_NOT_DESIGN_QUALIFIED
0.3,3.0,normal,0.08506811215754911,-0.07966638737607462,-0.16473449953362373,-193.65011795316403,False,PROVISIONAL_NOT_DESIGN_QUALIFIED
0.3,3.0,cNormal,0.005270138482322438,-0.0049354909049900515,-0.010205629387312488,-193.65011795316403,False,PROVISIONAL_NOT_DESIGN_QUALIFIED
0.3,6.0,roll,0.03684978706287425,0.030961523434884872,-0.005888263627989377,-15.979098109692302,False,PROVISIONAL_NOT_DESIGN_QUALIFIED
0.3,6.0,cl,0.03949001016104826,0.0331798626938869,-0.00631014746716136,-15.979098109692302,False,PROVISIONAL_NOT_DESIGN_QUALIFIED
0.3,6.0,yaw,0.16697268352125946,0.18070596152615692,0.013733278004897459,8.224865118819807,False,PROVISIONAL_NOT_DESIGN_QUALIFIED
0.3,6.0,cn,0.1789359856441386,0.19365322911239977,0.01471724346826117,8.224865118819807,False,PROVISIONAL_NOT_DESIGN_QUALIFIED
0.3,6.0,pitch,-0.03577130599846302,0.04075234074869807,0.07652364674716108,213.92466562570868,False,PROVISIONAL_NOT_DESIGN_QUALIFIED
0.3,6.0,cm,-0.03833425780569731,0.04367217502523779,0.0820064328309351,213.92466562570868,False,PROVISIONAL_NOT_DESIGN_QUALIFIED
0.3,6.0,axial,14.650914668463074,14.7350884021748,0.08417373371172587,0.574528864692077,False,PROVISIONAL_NOT_DESIGN_QUALIFIED
0.3,6.0,ca,0.9076532585146542,0.912867988476139,0.005214729961484865,0.5745288646920748,False,PROVISIONAL_NOT_DESIGN_QUALIFIED
0.3,6.0,side,0.6602112687045909,0.6925246043161777,0.03231333561158678,4.894393225821364,False,PROVISIONAL_NOT_DESIGN_QUALIFIED
0.3,6.0,cy,0.04090139918961649,0.04290327450081923,0.0020018753112027443,4.894393225821366,False,PROVISIONAL_NOT_DESIGN_QUALIFIED
0.3,6.0,normal,0.11757147266727785,-0.14955429002469642,-0.2671257626919743,-227.2028721184165,False,PROVISIONAL_NOT_DESIGN_QUALIFIED
0.3,6.0,cNormal,0.007283786213329709,-0.00926518526232064,-0.016548971475650348,-227.20287211841648,False,PROVISIONAL_NOT_DESIGN_QUALIFIED
0.3,9.0,roll,0.05610020816027944,0.05850227618953958,0.0024020680292601362,4.281745305467279,False,PROVISIONAL_NOT_DESIGN_QUALIFIED
0.3,9.0,cl,0.060119690420635995,0.06269386244288304,0.002574172022247044,4.281745305467281,False,PROVISIONAL_NOT_DESIGN_QUALIFIED
0.3,9.0,yaw,0.3126353945477046,0.31539127687165397,0.0027558823239493546,0.8815004225405573,False,PROVISIONAL_NOT_DESIGN_QUALIFIED
0.3,9.0,cn,0.3350351763587426,0.3379885128540044,0.0029533364952618046,0.8815004225405536,False,PROVISIONAL_NOT_DESIGN_QUALIFIED
0.3,9.0,pitch,-0.035075225935632726,0.010755254986494617,0.04583048092212734,130.6633947454303,False,PROVISIONAL_NOT_DESIGN_QUALIFIED
0.3,9.0,cm,-0.037588304818040416,0.011525850284471336,0.049114155102511756,130.6633947454303,False,PROVISIONAL_NOT_DESIGN_QUALIFIED
0.3,9.0,axial,14.646125499800398,14.84500092614302,0.19887542634262267,1.3578705600012304,False,PROVISIONAL_NOT_DESIGN_QUALIFIED
0.3,9.0,ca,0.9073565600053378,0.9196772876078902,0.012320727602552428,1.3578705600012355,False,PROVISIONAL_NOT_DESIGN_QUALIFIED
0.3,9.0,side,1.1837915916167665,1.2093959333954234,0.02560434177865689,2.162909583070082,False,PROVISIONAL_NOT_DESIGN_QUALIFIED
0.3,9.0,cy,0.07333823995617622,0.07492447977624328,0.001586239820067059,2.162909583070071,False,PROVISIONAL_NOT_DESIGN_QUALIFIED
0.3,9.0,normal,0.11060334706692455,-0.1055817315990212,-0.21618507866594577,-195.4597979165451,False,PROVISIONAL_NOT_DESIGN_QUALIFIED
0.3,9.0,cNormal,0.006852096994600301,-0.006540997944091108,-0.013393094938691409,-195.45979791654509,False,PROVISIONAL_NOT_DESIGN_QUALIFIED
0.3,10.0,roll,0.05769863699261477,0.0607506353481905,0.003051998355575729,5.289550177704153,False,PROVISIONAL_NOT_DESIGN_QUALIFIED
0.3,10.0,cl,0.061832643896403285,0.06510331262150466,0.003270668725101379,5.289550177704157,False,PROVISIONAL_NOT_DESIGN_QUALIFIED
0.3,10.0,yaw,0.32908002677626746,0.3247038857497231,-0.004376141026544378,-1.329810584195557,False,PROVISIONAL_NOT_DESIGN_QUALIFIED
0.3,10.0,cn,0.3526580378611069,0.3479683539476135,-0.004689683913493392,-1.329810584195562,False,PROVISIONAL_NOT_DESIGN_QUALIFIED
0.3,10.0,pitch,-0.03265462636548222,0.01718378764008832,0.04983841400557054,152.62282730710572,False,PROVISIONAL_NOT_DESIGN_QUALIFIED
0.3,10.0,cm,-0.03499427350225629,0.018414976112468586,0.053409249614724874,152.62282730710572,False,PROVISIONAL_NOT_DESIGN_QUALIFIED
0.3,10.0,axial,14.726960201197606,14.8037575916213,0.07679739042369427,0.5214748283046834,False,PROVISIONAL_NOT_DESIGN_QUALIFIED
0.3,10.0,ca,0.9123644302840562,0.917122181130393,0.0047577508463367835,0.5214748283046832,False,PROVISIONAL_NOT_DESIGN_QUALIFIED
0.3,10.0,side,1.2443555161876247,1.254116269922436,0.009760753734811223,0.7844023358144129,False,PROVISIONAL_NOT_DESIGN_QUALIFIED
0.3,10.0,cy,0.07709029535538645,0.07769499343284032,0.0006046980774538774,0.784402335814408,False,PROVISIONAL_NOT_DESIGN_QUALIFIED
0.3,10.0,normal,0.09858413102692316,-0.06377749152154802,-0.1623616225484712,-164.69346623761436,False,PROVISIONAL_NOT_DESIGN_QUALIFIED
0.3,10.0,cNormal,0.006107482692328668,-0.003951142253529786,-0.010058624945858454,-164.69346623761433,False,PROVISIONAL_NOT_DESIGN_QUALIFIED
0.3,12.0,roll,0.07911934773273453,0.07383524733645676,-0.005284100396277774,-6.678645044101585,False,PROVISIONAL_NOT_DESIGN_QUALIFIED
0.3,12.0,cl,0.08478811127375602,0.07912541428218398,-0.0056626969915720415,-6.678645044101582,False,PROVISIONAL_NOT_DESIGN_QUALIFIED
0.3,12.0,yaw,0.4395232357286826,0.4227340880260951,-0.016789147702587548,-3.819854409915993,False,PROVISIONAL_NOT_DESIGN_QUALIFIED
0.3,12.0,cn,0.4710143104851003,0.4530222495746998,-0.01799206091040051,-3.8198544099159926,False,PROVISIONAL_NOT_DESIGN_QUALIFIED
0.3,12.0,pitch,-0.03534573172763237,0.002369727839080325,0.0377154595667127,106.70442433429024,False,PROVISIONAL_NOT_DESIGN_QUALIFIED
0.3,12.0,cm,-0.03787819187916405,0.0025395147137358184,0.04041770659289987,106.70442433429024,False,PROVISIONAL_NOT_DESIGN_QUALIFIED
0.3,12.0,axial,14.698984341916166,14.7836815487142,0.08469720679803494,0.5762112866295752,False,PROVISIONAL_NOT_DESIGN_QUALIFIED
0.3,12.0,ca,0.9106312702451675,0.9158784304038985,0.005247160158730946,0.5762112866295775,False,PROVISIONAL_NOT_DESIGN_QUALIFIED
0.3,12.0,side,1.659254055828343,1.5998329563084153,-0.0594210995199278,-3.5811935677483238,False,PROVISIONAL_NOT_DESIGN_QUALIFIED
0.3,12.0,cy,0.10279408382044986,0.09911282870264608,-0.003681255117803775,-3.581193567748328,False,PROVISIONAL_NOT_DESIGN_QUALIFIED
0.3,12.0,normal,0.09906106200660078,-0.05509687874498177,-0.15415794075158257,-155.61910767856546,False,PROVISIONAL_NOT_DESIGN_QUALIFIED
0.3,12.0,cNormal,0.006137029513642343,-0.003413361053458076,-0.009550390567100418,-155.61910767856543,False,PROVISIONAL_NOT_DESIGN_QUALIFIED
0.3,15.0,roll,0.101896350754,0.09568186228878837,-0.006214488465211623,-6.098833195915674,False,PROVISIONAL_NOT_DESIGN_QUALIFIED
0.3,15.0,cl,0.10919704691328377,0.10253730116717681,-0.006659745746106963,-6.098833195915674,False,PROVISIONAL_NOT_DESIGN_QUALIFIED
0.3,15.0,yaw,0.55467149288763,0.47680438777031786,-0.0778671051173121,-14.038418436097107,False,PROVISIONAL_NOT_DESIGN_QUALIFIED
0.3,15.0,cn,0.5944127398294882,0.5109665921747554,-0.0834461476547328,-14.038418436097107,False,PROVISIONAL_NOT_DESIGN_QUALIFIED
0.3,15.0,pitch,-0.0310103265648303,0.02904167308400074,0.06005199964883104,193.65161964123828,False,PROVISIONAL_NOT_DESIGN_QUALIFIED
0.3,15.0,cm,-0.0332321624831407,0.03112245840726921,0.06435462089040991,193.6516196412383,False,PROVISIONAL_NOT_DESIGN_QUALIFIED
0.3,15.0,axial,14.771682653700001,14.85879183979788,0.08710918609787832,0.58970388235398,False,PROVISIONAL_NOT_DESIGN_QUALIFIED
0.3,15.0,ca,0.9151350750295302,0.9205316620957623,0.005396587066232139,0.5897038823539791,False,PROVISIONAL_NOT_DESIGN_QUALIFIED
0.3,15.0,side,2.09803115073,1.8531365347543527,-0.2448946159756471,-11.672591986560219,False,PROVISIONAL_NOT_DESIGN_QUALIFIED
0.3,15.0,cy,0.129977196203621,0.11480548841520148,-0.015171707788419517,-11.672591986560219,False,PROVISIONAL_NOT_DESIGN_QUALIFIED
0.3,15.0,normal,0.07397884432129999,-0.12242153582431008,-0.19640038014561007,-265.4818170619387,False,PROVISIONAL_NOT_DESIGN_QUALIFIED
0.3,15.0,cNormal,0.0045831363180289545,-0.007584257257499948,-0.012167393575528903,-265.48181706193867,False,PROVISIONAL_NOT_DESIGN_QUALIFIED
0.5,-6.0,roll,-0.10576689749321357,-0.09376923792274183,0.011997659570471733,11.343492013880384,True,PROVISIONAL_NOT_DESIGN_QUALIFIED
0.5,-6.0,cl,-0.04075606423491023,-0.036132903343251234,0.004623160891658998,11.343492013880375,True,PROVISIONAL_NOT_DESIGN_QUALIFIED
0.5,-6.0,yaw,-0.6400952140161078,-0.5934896254637874,0.04660558855232044,7.281039997144491,True,PROVISIONAL_NOT_DESIGN_QUALIFIED
0.5,-6.0,cn,-0.24665336960056902,-0.22869443910564696,0.01795893049492206,7.2810399971444895,True,PROVISIONAL_NOT_DESIGN_QUALIFIED
0.5,-6.0,pitch,-0.06247024155322839,0.05433694363650032,0.11680718518972871,186.98052430324282,True,PROVISIONAL_NOT_DESIGN_QUALIFIED
0.5,-6.0,cm,-0.02407219307607183,0.020938119748856197,0.045010312824928025,186.98052430324282,True,PROVISIONAL_NOT_DESIGN_QUALIFIED
0.5,-6.0,axial,41.002519687824346,41.262834277286885,0.2603145894625385,0.6348746161076502,True,PROVISIONAL_NOT_DESIGN_QUALIFIED
0.5,-6.0,ca,0.913389443736408,0.9191883214608972,0.005798877724489282,0.6348746161076458,True,PROVISIONAL_NOT_DESIGN_QUALIFIED
0.5,-6.0,side,-2.385739868203593,-2.1993846845314216,0.18635518367217152,7.811211362808497,True,PROVISIONAL_NOT_DESIGN_QUALIFIED
0.5,-6.0,cy,-0.053145748790783105,-0.048994422022387796,0.0041513267683953095,7.811211362808497,True,PROVISIONAL_NOT_DESIGN_QUALIFIED
0.5,-6.0,normal,0.21616478719102594,-0.21607993395704173,-0.43224472114806767,-199.9607460423657,True,PROVISIONAL_NOT_DESIGN_QUALIFIED
0.5,-6.0,cNormal,0.004815378084836103,-0.00481348785836275,-0.009628865943198853,-199.96074604236568,True,PROVISIONAL_NOT_DESIGN_QUALIFIED
0.5,3.0,roll,0.05779276267065868,0.057251943162487995,-0.000540819508170684,-0.93579106306551,True,PROVISIONAL_NOT_DESIGN_QUALIFIED
0.5,3.0,cl,0.0222697800875687,0.02206138147574489,-0.00020839861182381236,-0.9357910630655187,True,PROVISIONAL_NOT_DESIGN_QUALIFIED
0.5,3.0,yaw,0.3963151532987764,0.37985708952652336,-0.016458063772253062,-4.152771761377885,True,PROVISIONAL_NOT_DESIGN_QUALIFIED
0.5,3.0,cn,0.1527155114495972,0.1463735848148745,-0.006341926634722689,-4.152771761377889,True,PROVISIONAL_NOT_DESIGN_QUALIFIED
0.5,3.0,pitch,-0.01663694660078168,0.04198769967148053,0.05862464627226221,352.37623633117715,True,PROVISIONAL_NOT_DESIGN_QUALIFIED
0.5,3.0,cm,-0.006410857086715024,0.01617947983202193,0.022590336918736954,352.37623633117715,True,PROVISIONAL_NOT_DESIGN_QUALIFIED
0.5,3.0,axial,40.773860441716565,41.324201875555396,0.550341433838831,1.349740809128207,True,PROVISIONAL_NOT_DESIGN_QUALIFIED
0.5,3.0,ca,0.9082957338083912,0.9205553719951736,0.012259638186782329,1.349740809128203,True,PROVISIONAL_NOT_DESIGN_QUALIFIED
0.5,3.0,side,1.446288940273453,1.4230808897668101,-0.023208050506642763,-1.604662101768874,True,PROVISIONAL_NOT_DESIGN_QUALIFIED
0.5,3.0,cy,0.032218143194520925,0.031701150860784816,-0.000516992333736109,-1.6046621017688867,True,PROVISIONAL_NOT_DESIGN_QUALIFIED
0.5,3.0,normal,0.08916556860471456,-0.16791502293480687,-0.25708059153952145,-288.3182326568246,True,PROVISIONAL_NOT_DESIGN_QUALIFIED
0.5,3.0,cNormal,0.0019862898604371656,-0.003740545960616977,-0.005726835821054143,-288.31823265682453,True,PROVISIONAL_NOT_DESIGN_QUALIFIED
0.5,6.0,roll,0.10619842486407186,0.09598351534094185,-0.010214909523130006,-9.618701535549635,True,PROVISIONAL_NOT_DESIGN_QUALIFIED
0.5,6.0,cl,0.04092234837165492,0.036986149820447574,-0.0039361985512073455,-9.618701535549642,True,PROVISIONAL_NOT_DESIGN_QUALIFIED
0.5,6.0,yaw,0.4855313495890221,0.5810908375278695,0.09555948793884739,19.68142490072653,True,PROVISIONAL_NOT_DESIGN_QUALIFIED
0.5,6.0,cn,0.18709395227540396,0.22391670798628874,0.03682275571088478,19.681424900726537,True,PROVISIONAL_NOT_DESIGN_QUALIFIED
0.5,6.0,pitch,-0.06532429813666056,0.07518856766315113,0.1405128657998117,215.10046002462087,True,PROVISIONAL_NOT_DESIGN_QUALIFIED
0.5,6.0,cm,-0.025171971137084668,0.028973054576049238,0.054145025713133905,215.10046002462087,True,PROVISIONAL_NOT_DESIGN_QUALIFIED
0.5,6.0,axial,41.01417143912176,41.281569413221774,0.26739797410001387,0.6519648324407055,True,PROVISIONAL_NOT_DESIGN_QUALIFIED
0.5,6.0,ca,0.9136490030687887,0.9196056732607423,0.005956670191953561,0.6519648324407008,True,PROVISIONAL_NOT_DESIGN_QUALIFIED
0.5,6.0,side,1.9116004532934132,2.2118427842311728,0.30024233093775954,15.706332901338515,True,PROVISIONAL_NOT_DESIGN_QUALIFIED
0.5,6.0,cy,0.04258361895740811,0.04927194391229612,0.006688324954888011,15.706332901338508,True,PROVISIONAL_NOT_DESIGN_QUALIFIED
0.5,6.0,normal,0.2165077340468064,-0.2862360694455295,-0.5027438034923359,-232.2059328299324,True,PROVISIONAL_NOT_DESIGN_QUALIFIED
0.5,6.0,cNormal,0.004823017713820306,-0.006376315559109013,-0.011199333272929319,-232.20593282993238,True,PROVISIONAL_NOT_DESIGN_QUALIFIED
0.5,9.0,roll,0.16362933695808385,0.1702740866664878,0.006644749708403952,4.060854753757333,True,PROVISIONAL_NOT_DESIGN_QUALIFIED
0.5,9.0,cl,0.06305269347819661,0.065613171778678,0.002560478300481381,4.060854753757323,True,PROVISIONAL_NOT_DESIGN_QUALIFIED
0.5,9.0,yaw,0.9217490935462274,0.9941135231094471,0.07236442956321976,7.850773065022879,True,PROVISIONAL_NOT_DESIGN_QUALIFIED
0.5,9.0,cn,0.35518547064738065,0.38307027590783993,0.027884805260459278,7.850773065022871,True,PROVISIONAL_NOT_DESIGN_QUALIFIED
0.5,9.0,pitch,-0.08068184610191456,-0.04588790335648276,0.0347939427454318,43.12487185962661,True,PROVISIONAL_NOT_DESIGN_QUALIFIED
0.5,9.0,cm,-0.03108982659278401,-0.01768237871326579,0.013407447879518222,43.12487185962661,True,PROVISIONAL_NOT_DESIGN_QUALIFIED
0.5,9.0,axial,40.98900946187624,41.48339705524838,0.49438759337213867,1.2061467204567777,True,PROVISIONAL_NOT_DESIGN_QUALIFIED
0.5,9.0,ca,0.9130884842378834,0.9241016710453871,0.011013186807503739,1.2061467204567784,True,PROVISIONAL_NOT_DESIGN_QUALIFIED
0.5,9.0,side,3.474942606506986,3.7851860695460706,0.3102434630390847,8.928016896110453,True,PROVISIONAL_NOT_DESIGN_QUALIFIED
0.5,9.0,cy,0.07740928895440219,0.08432040335141018,0.006911114397007992,8.928016896110455,True,PROVISIONAL_NOT_DESIGN_QUALIFIED
0.5,9.0,normal,0.24699667299299402,-0.01167860778808354,-0.25867528078107754,-104.7282449785932,True,PROVISIONAL_NOT_DESIGN_QUALIFIED
0.5,9.0,cNormal,0.005502202193120516,-0.00026015759890826647,-0.005762359792028783,-104.72824497859321,True,PROVISIONAL_NOT_DESIGN_QUALIFIED
0.5,10.0,roll,0.17015064591017962,0.17770809191288,0.007557446002700391,4.441620519436565,False,PROVISIONAL_NOT_DESIGN_QUALIFIED
0.5,10.0,cl,0.06556560529509436,0.06847778067357407,0.002912175378479709,4.441620519436581,False,PROVISIONAL_NOT_DESIGN_QUALIFIED
0.5,10.0,yaw,0.9837005524413573,0.9645698821329514,-0.019130670308405984,-1.9447656363440384,False,PROVISIONAL_NOT_DESIGN_QUALIFIED
0.5,10.0,cn,0.37905775675975645,0.37168597176439616,-0.0073717849953602865,-1.9447656363440309,False,PROVISIONAL_NOT_DESIGN_QUALIFIED
0.5,10.0,pitch,-0.08776002817705227,0.15087052898115424,0.23863055715820652,271.91258037973637,False,PROVISIONAL_NOT_DESIGN_QUALIFIED
0.5,10.0,cm,-0.03381732309838221,0.05813623275378146,0.09195355585216367,271.91258037973637,False,PROVISIONAL_NOT_DESIGN_QUALIFIED
0.5,10.0,axial,41.29427227145709,41.39963110490112,0.10535883344402919,0.25514151878359653,False,PROVISIONAL_NOT_DESIGN_QUALIFIED
0.5,10.0,ca,0.9198886474951492,0.9222356653614863,0.0023470178663370644,0.25514151878360264,False,PROVISIONAL_NOT_DESIGN_QUALIFIED
0.5,10.0,side,3.7008829531337324,3.702173795196878,0.0012908420631454476,0.03487929987227571,False,PROVISIONAL_NOT_DESIGN_QUALIFIED
0.5,10.0,cy,0.08244243152940099,0.08247118687231612,2.8755342915132154e-05,0.034879299872271834,False,PROVISIONAL_NOT_DESIGN_QUALIFIED
0.5,10.0,normal,0.25792375854030536,-0.5594564526905144,-0.8173802112308197,-316.90768460288587,False,PROVISIONAL_NOT_DESIGN_QUALIFIED
0.5,10.0,cNormal,0.005745618565229048,-0.012462688195951878,-0.018208306761180924,-316.9076846028858,False,PROVISIONAL_NOT_DESIGN_QUALIFIED
0.5,12.0,roll,0.22857509954091815,0.2185476969696174,-0.010027402571300748,-4.3869181688820404,False,PROVISIONAL_NOT_DESIGN_QUALIFIED
0.5,12.0,cl,0.08807880026913337,0.08421485537719343,-0.0038639448919399327,-4.386918168882038,False,PROVISIONAL_NOT_DESIGN_QUALIFIED
0.5,12.0,yaw,1.2764352624163873,1.221685439388092,-0.05474982302829523,-4.28927534676923,False,PROVISIONAL_NOT_DESIGN_QUALIFIED
0.5,12.0,cn,0.4918597290809703,0.4707625109808143,-0.021097218100156023,-4.289275346769238,False,PROVISIONAL_NOT_DESIGN_QUALIFIED
0.5,12.0,pitch,-0.08819174987449108,0.05490050568578164,0.14309225556027272,162.25129421279493,False,PROVISIONAL_NOT_DESIGN_QUALIFIED
0.5,12.0,cm,-0.03398368211665207,0.021155281938778057,0.05513896405543013,162.25129421279496,False,PROVISIONAL_NOT_DESIGN_QUALIFIED
0.5,12.0,axial,41.14575012075848,41.55062440452106,0.40487428376258094,0.984000249295048,False,PROVISIONAL_NOT_DESIGN_QUALIFIED
0.5,12.0,ca,0.9165801053459841,0.9255992558675774,0.0090191505215933,0.9840002492950483,False,PROVISIONAL_NOT_DESIGN_QUALIFIED
0.5,12.0,side,4.804161801017964,4.644281581300385,-0.1598802197175786,-3.327952436649849,False,PROVISIONAL_NOT_DESIGN_QUALIFIED
0.5,12.0,cy,0.10701953705431744,0.10345797776322689,-0.0035615592910905464,-3.3279524366498503,False,PROVISIONAL_NOT_DESIGN_QUALIFIED
0.5,12.0,normal,0.23523288764152775,-0.27038334873771025,-0.505616236379238,-214.94283450269438,False,PROVISIONAL_NOT_DESIGN_QUALIFIED
0.5,12.0,cNormal,0.005240147142840253,-0.00602317365809254,-0.011263320800932793,-214.94283450269435,False,PROVISIONAL_NOT_DESIGN_QUALIFIED
0.5,15.0,roll,0.29181209899002,0.277366159673692,-0.014445939316327983,-4.9504250736437205,False,PROVISIONAL_NOT_DESIGN_QUALIFIED
0.5,15.0,cl,0.11244645473054883,0.10687987724114431,-0.00556657748940452,-4.950425073643717,False,PROVISIONAL_NOT_DESIGN_QUALIFIED
0.5,15.0,yaw,1.610454147872455,1.469881082088945,-0.14057306578351003,-8.728784111563737,False,PROVISIONAL_NOT_DESIGN_QUALIFIED
0.5,15.0,cn,0.6205700862340116,0.5664018631456997,-0.05416822308831182,-8.728784111563742,False,PROVISIONAL_NOT_DESIGN_QUALIFIED
0.5,15.0,pitch,-0.0675876525565039,0.04404153702634615,0.11162918958285005,165.16210485269778,False,PROVISIONAL_NOT_DESIGN_QUALIFIED
0.5,15.0,cm,-0.02604412887554364,0.016970902565853492,0.043015031441397136,165.1621048526978,False,PROVISIONAL_NOT_DESIGN_QUALIFIED
0.5,15.0,axial,41.36118089520958,41.47068942697998,0.10950853177040187,0.26476161802015924,False,PROVISIONAL_NOT_DESIGN_QUALIFIED
0.5,15.0,ca,0.9213791322530556,0.9238185905517088,0.0024394582986532187,0.2647616180201512,False,PROVISIONAL_NOT_DESIGN_QUALIFIED
0.5,15.0,side,6.066938345508983,5.631267489054372,-0.43567085645461034,-7.181066159624208,False,PROVISIONAL_NOT_DESIGN_QUALIFIED
0.5,15.0,cy,0.13514968062397073,0.12544449264384258,-0.00970518798012815,-7.181066159624202,False,PROVISIONAL_NOT_DESIGN_QUALIFIED
0.5,15.0,normal,0.13943332583822357,-0.2532730162818747,-0.39270634212009825,-281.6445349483614,False,PROVISIONAL_NOT_DESIGN_QUALIFIED
0.5,15.0,cNormal,0.0031060756484073064,-0.005642016666693754,-0.00874809231510106,-281.64453494836147,False,PROVISIONAL_NOT_DESIGN_QUALIFIED
0.6,-6.0,roll,-0.1576355614530938,-0.14345650382216954,0.014179057630924252,8.994834350968064,True,PROVISIONAL_NOT_DESIGN_QUALIFIED
0.6,-6.0,cl,-0.04219097284451837,-0.03839596472609203,0.0037950081184263407,8.99483435096805,True,PROVISIONAL_NOT_DESIGN_QUALIFIED
0.6,-6.0,yaw,-0.9634282496403195,-0.8513778376177858,0.11205041202253363,11.630384729155061,True,PROVISIONAL_NOT_DESIGN_QUALIFIED
0.6,-6.0,cn,-0.2578604392531811,-0.22787027810374696,0.02999016114943412,11.630384729155054,True,PROVISIONAL_NOT_DESIGN_QUALIFIED
0.6,-6.0,pitch,-0.05813555550402515,0.0851187060044025,0.14325426150842765,246.41419569562575,True,PROVISIONAL_NOT_DESIGN_QUALIFIED
0.6,-6.0,cm,-0.015559913137373971,0.0227819216710241,0.038341834808398076,246.41419569562572,True,PROVISIONAL_NOT_DESIGN_QUALIFIED
0.6,-6.0,axial,60.059032464870256,60.53000050790124,0.47096804303098594,0.7841752084608834,True,PROVISIONAL_NOT_DESIGN_QUALIFIED
0.6,-6.0,ca,0.9292801116080955,0.9365672958604838,0.007287184252388279,0.7841752084608797,True,PROVISIONAL_NOT_DESIGN_QUALIFIED
0.6,-6.0,side,-3.5792233449101793,-3.1589206353955155,0.42030270951466386,11.742846674051611,True,PROVISIONAL_NOT_DESIGN_QUALIFIED
0.6,-6.0,cy,-0.055380530336947,-0.04887727957220268,0.0065032507647443255,11.742846674051615,True,PROVISIONAL_NOT_DESIGN_QUALIFIED
0.6,-6.0,normal,0.20819045198722552,-0.34580452199320866,-0.5539949739804342,-266.10008705607066,True,PROVISIONAL_NOT_DESIGN_QUALIFIED
0.6,-6.0,cNormal,0.0032212847679754363,-0.005350556803931145,-0.008571841571906581,-266.1000870560707,True,PROVISIONAL_NOT_DESIGN_QUALIFIED
0.6,3.0,roll,0.08605156355129741,0.08512165633290103,-0.000929907218396378,-1.0806395375280287,True,PROVISIONAL_NOT_DESIGN_QUALIFIED
0.6,3.0,cl,0.023031599897599637,0.02278271132298091,-0.0002488885746187268,-1.0806395375280293,True,PROVISIONAL_NOT_DESIGN_QUALIFIED
0.6,3.0,yaw,0.5414583904786826,0.5006308168178554,-0.04082757366082723,-7.540297533247779,True,PROVISIONAL_NOT_DESIGN_QUALIFIED
0.6,3.0,cn,0.14492070214702413,0.13399325001786672,-0.010927452129157411,-7.540297533247772,True,PROVISIONAL_NOT_DESIGN_QUALIFIED
0.6,3.0,pitch,-0.05051352135164573,0.0629842375388607,0.11349775889050644,224.6878773316972,True,PROVISIONAL_NOT_DESIGN_QUALIFIED
0.6,3.0,cm,-0.013519884650282105,0.01685765718813071,0.030377541838412816,224.6878773316972,True,PROVISIONAL_NOT_DESIGN_QUALIFIED
0.6,3.0,axial,59.768791378443105,60.566751531048034,0.7979601526049294,1.3350782811591717,True,PROVISIONAL_NOT_DESIGN_QUALIFIED
0.6,3.0,ca,0.924789275540331,0.9371359363045592,0.01234666076422819,1.33507828115917,True,PROVISIONAL_NOT_DESIGN_QUALIFIED
0.6,3.0,side,1.9986595493413175,1.9271043107192027,-0.07155523862211477,-3.580161445989972,True,PROVISIONAL_NOT_DESIGN_QUALIFIED
0.6,3.0,cy,0.030924816682068035,0.02981765831797356,-0.0011071583640944738,-3.580161445989968,True,PROVISIONAL_NOT_DESIGN_QUALIFIED
0.6,3.0,normal,0.20551585434772454,-0.25651248188364073,-0.4620283362313653,-224.81396274646139,True,PROVISIONAL_NOT_DESIGN_QUALIFIED
0.6,3.0,cNormal,0.0031799013108843484,-0.003968960837541427,-0.007148862148425776,-224.81396274646136,True,PROVISIONAL_NOT_DESIGN_QUALIFIED
0.6,6.0,roll,0.15772241837325351,0.14601490987045157,-0.011707508502801944,-7.422856321601582,True,PROVISIONAL_NOT_DESIGN_QUALIFIED
0.6,6.0,cl,0.042214219997166146,0.0390807190994917,-0.003133500897674446,-7.422856321601581,True,PROVISIONAL_NOT_DESIGN_QUALIFIED
0.6,6.0,yaw,0.7495916131285429,0.8501097503699553,0.10051813724141234,13.409720103708668,True,PROVISIONAL_NOT_DESIGN_QUALIFIED
0.6,6.0,cn,0.20062731469000253,0.22753087604151864,0.026903561351516114,13.409720103708663,True,PROVISIONAL_NOT_DESIGN_QUALIFIED
0.6,6.0,pitch,-0.06329612006101853,0.04719926792865238,0.11049538798967092,174.5689749753247,True,PROVISIONAL_NOT_DESIGN_QUALIFIED
0.6,6.0,cm,-0.016941132178810124,0.012632828614953599,0.029573960793763725,174.5689749753247,True,PROVISIONAL_NOT_DESIGN_QUALIFIED
0.6,6.0,axial,60.071104505788426,60.54400353766627,0.4728990318778443,0.7872321239445097,True,PROVISIONAL_NOT_DESIGN_QUALIFIED
0.6,6.0,ca,0.9294668996243416,0.9367839616396155,0.007317062015273934,0.7872321239445146,True,PROVISIONAL_NOT_DESIGN_QUALIFIED
0.6,6.0,side,2.9243954918163673,3.272758347970335,0.34836285615396756,11.912303145344968,True,PROVISIONAL_NOT_DESIGN_QUALIFIED
0.6,6.0,cy,0.045248523952011614,0.050638665293969265,0.005390141341957651,11.912303145344968,True,PROVISIONAL_NOT_DESIGN_QUALIFIED
0.6,6.0,normal,0.21415074601300907,-0.23080467128198115,-0.4449554172949902,-207.77672998064662,True,PROVISIONAL_NOT_DESIGN_QUALIFIED
0.6,6.0,cNormal,0.0033135070777626768,-0.0035711895760898948,-0.006884696653852572,-207.77672998064665,True,PROVISIONAL_NOT_DESIGN_QUALIFIED
0.6,9.0,roll,0.2448978660718563,0.24685346495295274,0.0019555988810964486,0.7985365133898921,True,PROVISIONAL_NOT_DESIGN_QUALIFIED
0.6,9.0,cl,0.06554662616653749,0.06607003990977246,0.0005234137432349739,0.7985365133898902,True,PROVISIONAL_NOT_DESIGN_QUALIFIED
0.6,9.0,yaw,1.3259524235747704,1.4299677669176538,0.10401534334288343,7.844575830440269,True,PROVISIONAL_NOT_DESIGN_QUALIFIED
0.6,9.0,cn,0.354889608540602,0.38272919299692215,0.027839584456320177,7.844575830440277,True,PROVISIONAL_NOT_DESIGN_QUALIFIED
0.6,9.0,pitch,-0.09880667931108293,0.06738266391149111,0.16618934322257406,168.19646645480674,True,PROVISIONAL_NOT_DESIGN_QUALIFIED
0.6,9.0,cm,-0.026445491646955522,0.018034890839824732,0.044480382486780254,168.1964664548067,True,PROVISIONAL_NOT_DESIGN_QUALIFIED
0.6,9.0,axial,60.05156750578843,60.92505400594393,0.8734865001555008,1.4545606991379612,True,PROVISIONAL_NOT_DESIGN_QUALIFIED
0.6,9.0,ca,0.9291646079490452,0.9426798711665714,0.013515263217526163,1.454560699137965,True,PROVISIONAL_NOT_DESIGN_QUALIFIED
0.6,9.0,side,5.0277172099002,5.4264776733931015,0.3987604634929012,7.931242885094895,True,PROVISIONAL_NOT_DESIGN_QUALIFIED
0.6,9.0,cy,0.07779275519769387,0.08396268755943026,0.006169932361736394,7.931242885094909,True,PROVISIONAL_NOT_DESIGN_QUALIFIED
0.6,9.0,normal,0.2981169001977625,-0.3630546502583129,-0.6611715504560753,-221.78264634358953,True,PROVISIONAL_NOT_DESIGN_QUALIFIED
0.6,9.0,cNormal,0.0046126967904466165,-0.0056174642192117095,-0.010230161009658326,-221.78264634358953,True,PROVISIONAL_NOT_DESIGN_QUALIFIED
0.6,10.0,roll,0.25602282180439123,0.2648257296710952,0.008802907866703957,3.4383293663678276,True,PROVISIONAL_NOT_DESIGN_QUALIFIED
0.6,10.0,cl,0.06852420749958917,0.07088029544911836,0.002356087949529198,3.4383293663678254,True,PROVISIONAL_NOT_DESIGN_QUALIFIED
0.6,10.0,yaw,1.476743755013014,1.5107644436388046,0.03402068862579055,2.3037638392105975,True,PROVISIONAL_NOT_DESIGN_QUALIFIED
0.6,10.0,cn,0.3952487312617324,0.4043543286074789,0.009105597345746508,2.303763839210609,True,PROVISIONAL_NOT_DESIGN_QUALIFIED
0.6,10.0,pitch,-0.11990912741807025,0.0636173237151424,0.18352645113321264,153.05461317664071,True,PROVISIONAL_NOT_DESIGN_QUALIFIED
0.6,10.0,cm,-0.032093537093221707,0.017027101959510477,0.04912063905273219,153.05461317664071,True,PROVISIONAL_NOT_DESIGN_QUALIFIED
0.6,10.0,axial,60.57810190019959,60.90378203283744,0.32568013263784934,0.5376202330908231,True,PROVISIONAL_NOT_DESIGN_QUALIFIED
0.6,10.0,ca,0.9373115580533464,0.9423507346365401,0.005039176583193639,0.5376202330908244,True,PROVISIONAL_NOT_DESIGN_QUALIFIED
0.6,10.0,side,5.544153544750498,5.740061119751006,0.1959075750005086,3.5335885526836535,True,PROVISIONAL_NOT_DESIGN_QUALIFIED
0.6,10.0,cy,0.08578346026222969,0.08881469479415177,0.0030312345319220835,3.533588552683659,True,PROVISIONAL_NOT_DESIGN_QUALIFIED
0.6,10.0,normal,0.34448214183073855,-0.32877519935049143,-0.6732573411812299,-195.44041894399138,True,PROVISIONAL_NOT_DESIGN_QUALIFIED
0.6,10.0,cNormal,0.005330095908466548,-0.005087065865157016,-0.010417161773623564,-195.44041894399138,True,PROVISIONAL_NOT_DESIGN_QUALIFIED
0.6,12.0,roll,0.340110557736527,0.32855436831507173,-0.011556189421455254,-3.3977743879410744,False,PROVISIONAL_NOT_DESIGN_QUALIFIED
0.6,12.0,cl,0.09103019124187717,0.08793719071856688,-0.0030930005233102825,-3.397774387941076,False,PROVISIONAL_NOT_DESIGN_QUALIFIED
0.6,12.0,yaw,1.7951952907708382,1.8422736138916447,0.04707832312080651,2.622462489893875,False,PROVISIONAL_NOT_DESIGN_QUALIFIED
0.6,12.0,cn,0.48048191071439983,0.4930823685936104,0.012600457879210547,2.6224624898938815,False,PROVISIONAL_NOT_DESIGN_QUALIFIED
0.6,12.0,pitch,-0.1298659443826674,0.030988940701001368,0.16085488508366877,123.86225337852107,False,PROVISIONAL_NOT_DESIGN_QUALIFIED
0.6,12.0,cm,-0.0347584674572764,0.008294153575146089,0.04305262103242249,123.86225337852107,False,PROVISIONAL_NOT_DESIGN_QUALIFIED
0.6,12.0,axial,60.25956423413174,60.92450939411625,0.6649451599845122,1.1034682517798218,False,PROVISIONAL_NOT_DESIGN_QUALIFIED
0.6,12.0,ca,0.9323828952739709,0.9426714445083446,0.010288549234373723,1.1034682517798164,False,PROVISIONAL_NOT_DESIGN_QUALIFIED
0.6,12.0,side,6.8143528951896215,6.986671232840828,0.1723183376512063,2.5287557058110246,False,PROVISIONAL_NOT_DESIGN_QUALIFIED
0.6,12.0,cy,0.10543697357566881,0.10810321706099799,0.0026662434853291783,2.528755705811016,False,PROVISIONAL_NOT_DESIGN_QUALIFIED
0.6,12.0,normal,0.3402480333989421,-0.24898596615803256,-0.5892339995569746,-173.17778259311658,False,PROVISIONAL_NOT_DESIGN_QUALIFIED
0.6,12.0,cNormal,0.0052645824861788666,-0.003852504726171263,-0.00911708721235013,-173.1777825931166,False,PROVISIONAL_NOT_DESIGN_QUALIFIED
0.6,15.0,roll,0.43044302104990023,0.4039815127186757,-0.026461508331224515,-6.147505485553428,False,PROVISIONAL_NOT_DESIGN_QUALIFIED
0.6,15.0,cl,0.11520756893191732,0.10812517731205495,-0.007082391619862363,-6.147505485553427,False,PROVISIONAL_NOT_DESIGN_QUALIFIED
0.6,15.0,yaw,2.3735457407306586,2.286852311686026,-0.08669342904463262,-3.6524861331699223,False,PROVISIONAL_NOT_DESIGN_QUALIFIED
0.6,15.0,cn,0.6352767292435336,0.6120733348006582,-0.023203394442875447,-3.6524861331699143,False,PROVISIONAL_NOT_DESIGN_QUALIFIED
0.6,15.0,pitch,-0.09790661860515769,0.02322605027899114,0.12113266888414884,123.72265594490423,False,PROVISIONAL_NOT_DESIGN_QUALIFIED
0.6,15.0,cm,-0.026204591456338255,0.006216425072954891,0.03242101652929315,123.72265594490423,False,PROVISIONAL_NOT_DESIGN_QUALIFIED
0.6,15.0,axial,60.58407274091816,61.15739220661703,0.5733194656988729,0.9463204432468866,False,PROVISIONAL_NOT_DESIGN_QUALIFIED
0.6,15.0,ca,0.9374039435497761,0.9462747887033901,0.008870845153614026,0.9463204432468856,False,PROVISIONAL_NOT_DESIGN_QUALIFIED
0.6,15.0,side,8.929725856806387,8.669175819260527,-0.26055003754586004,-2.9177831629317534,False,PROVISIONAL_NOT_DESIGN_QUALIFIED
0.6,15.0,cy,0.13816767104426017,0.13413623800191582,-0.004031433042344351,-2.9177831629317508,False,PROVISIONAL_NOT_DESIGN_QUALIFIED
0.6,15.0,normal,0.19380276759281434,-0.26351243257873996,-0.4573152001715543,-235.96938570680675,False,PROVISIONAL_NOT_DESIGN_QUALIFIED
0.6,15.0,cNormal,0.002998667312930003,-0.0040772695247817325,-0.007075936837711736,-235.96938570680672,False,PROVISIONAL_NOT_DESIGN_QUALIFIED
0.7,-6.0,roll,-0.22663732335728545,-0.20900250427717806,0.01763481908010739,7.781074546272655,True,PROVISIONAL_NOT_DESIGN_QUALIFIED
0.7,-6.0,cl,-0.04457221039766645,-0.04110401347970253,0.00346819691796392,7.781074546272659,True,PROVISIONAL_NOT_DESIGN_QUALIFIED
0.7,-6.0,yaw,-1.3731129322748705,-1.264517681446221,0.10859525082864963,7.908690412574963,True,PROVISIONAL_NOT_DESIGN_QUALIFIED
0.7,-6.0,cn,-0.2700467761024007,-0.24868961261132236,0.02135716349107833,7.908690412574959,True,PROVISIONAL_NOT_DESIGN_QUALIFIED
0.7,-6.0,pitch,-0.02678318547639497,-0.01723793653914099,0.009545248937253979,35.63896066682048,True,PROVISIONAL_NOT_DESIGN_QUALIFIED
0.7,-6.0,cm,-0.005267383855798726,-0.003390142995260166,0.0018772408605385598,35.63896066682048,True,PROVISIONAL_NOT_DESIGN_QUALIFIED
0.7,-6.0,axial,84.80553158303393,85.6817224342817,0.8761908512477703,1.0331765332900287,True,PROVISIONAL_NOT_DESIGN_QUALIFIED
0.7,-6.0,ca,0.9641839316962035,0.974145653816242,0.00996172212003843,1.0331765332900387,True,PROVISIONAL_NOT_DESIGN_QUALIFIED
0.7,-6.0,side,-5.083996404011976,-4.62389845174644,0.46009795226553596,9.04992678402477,True,PROVISIONAL_NOT_DESIGN_QUALIFIED
0.7,-6.0,cy,-0.057801744179271156,-0.05257072865115782,0.005231015528113336,9.049926784024766,True,PROVISIONAL_NOT_DESIGN_QUALIFIED
0.7,-6.0,normal,0.11786202577540919,-0.10715207288615136,-0.22501409866156055,-190.91314372140008,True,PROVISIONAL_NOT_DESIGN_QUALIFIED
0.7,-6.0,cNormal,0.0013400148467738408,-0.001218249623535601,-0.0025582644703094418,-190.91314372140008,True,PROVISIONAL_NOT_DESIGN_QUALIFIED
0.7,3.0,roll,0.1239141510219561,0.12148339405623165,-0.002430756965724451,-1.9616459828657906,True,PROVISIONAL_NOT_DESIGN_QUALIFIED
0.7,3.0,cl,0.02436989428211625,0.02389184322990248,-0.00047805105221377167,-1.9616459828657835,True,PROVISIONAL_NOT_DESIGN_QUALIFIED
0.7,3.0,yaw,0.7198001370936128,0.6567325581138045,-0.0630675789798083,-8.76181813947142,True,PROVISIONAL_NOT_DESIGN_QUALIFIED
0.7,3.0,cn,0.14156133985145888,0.12915799269787498,-0.012403347153583905,-8.761818139471417,True,PROVISIONAL_NOT_DESIGN_QUALIFIED
0.7,3.0,pitch,-0.013598314721212286,0.03762435281307201,0.0512226675342843,376.6839390353352,True,PROVISIONAL_NOT_DESIGN_QUALIFIED
0.7,3.0,cm,-0.002674347436816722,0.00739948983167503,0.010073837268491752,376.68393903533524,True,PROVISIONAL_NOT_DESIGN_QUALIFIED
0.7,3.0,axial,84.30616060339321,85.62245099493444,1.31629039154123,1.5613217137636453,True,PROVISIONAL_NOT_DESIGN_QUALIFIED
0.7,3.0,ca,0.9585064072996548,0.9734717759646401,0.014965368664985323,1.5613217137636461,True,PROVISIONAL_NOT_DESIGN_QUALIFIED
0.7,3.0,side,2.6830772033932133,2.5700474730324827,-0.11302973036073061,-4.212690198320981,True,PROVISIONAL_NOT_DESIGN_QUALIFIED
0.7,3.0,cy,0.030504848902210883,0.02921977412249482,-0.0012850747797160632,-4.212690198320981,True,PROVISIONAL_NOT_DESIGN_QUALIFIED
0.7,3.0,normal,0.10364595237637085,-0.23997523747669644,-0.3436211898530673,-331.53363153562555,True,PROVISIONAL_NOT_DESIGN_QUALIFIED
0.7,3.0,cNormal,0.0011783873056535304,-0.002728362922334431,-0.0039067502279879615,-331.53363153562555,True,PROVISIONAL_NOT_DESIGN_QUALIFIED
0.7,6.0,roll,0.22572583441317365,0.21111931833338088,-0.01460651607979277,-6.470910216265576,True,PROVISIONAL_NOT_DESIGN_QUALIFIED
0.7,6.0,cl,0.044392950087006805,0.041520322144525,-0.0028726279424818035,-6.470910216265581,True,PROVISIONAL_NOT_DESIGN_QUALIFIED
0.7,6.0,yaw,1.2575108155621757,1.2097309806261687,-0.047779834936007015,-3.799556579928645,True,PROVISIONAL_NOT_DESIGN_QUALIFIED
0.7,6.0,cn,0.24731158936349418,0.23791484559690743,-0.009396743766586751,-3.799556579928644,True,PROVISIONAL_NOT_DESIGN_QUALIFIED
0.7,6.0,pitch,-0.06891575961320555,0.05876402912055566,0.1276797887337612,185.26936284294453,True,PROVISIONAL_NOT_DESIGN_QUALIFIED
0.7,6.0,cm,-0.013553494595205466,0.011556978484284624,0.02511047307949009,185.26936284294453,True,PROVISIONAL_NOT_DESIGN_QUALIFIED
0.7,6.0,axial,84.81504792614771,85.68587354950272,0.8708256233550031,1.026734812569192,True,PROVISIONAL_NOT_DESIGN_QUALIFIED
0.7,6.0,ca,0.9642921263498724,0.9741928493059702,0.009900722956097785,1.0267348125691864,True,PROVISIONAL_NOT_DESIGN_QUALIFIED
0.7,6.0,side,4.738213686926147,4.672388242271756,-0.06582544465439089,-1.3892460113400724,True,PROVISIONAL_NOT_DESIGN_QUALIFIED
0.7,6.0,cy,0.05387041878753091,0.05312202614323295,-0.0007483926442979627,-1.389246011340066,True,PROVISIONAL_NOT_DESIGN_QUALIFIED
0.7,6.0,normal,0.23573217812594013,-0.35359121306957275,-0.5893233911955129,-249.99700757045835,True,PROVISIONAL_NOT_DESIGN_QUALIFIED
0.7,6.0,cNormal,0.0026801220874399885,-0.0040201029303948855,-0.006700225017834874,-249.99700757045835,True,PROVISIONAL_NOT_DESIGN_QUALIFIED
0.7,9.0,roll,0.3535885506207585,0.3483851006854816,-0.005203449935276883,-1.4716115457193761,True,PROVISIONAL_NOT_DESIGN_QUALIFIED
0.7,9.0,cl,0.06953939906724439,0.06851604924174695,-0.001023349825497441,-1.4716115457193768,True,PROVISIONAL_NOT_DESIGN_QUALIFIED
0.7,9.0,yaw,1.9234424621376642,2.0029134502056407,0.07947098806797648,4.131706023566438,True,PROVISIONAL_NOT_DESIGN_QUALIFIED
0.7,9.0,cn,0.3782787443842692,0.3939081100518656,0.015629365667596373,4.131706023566447,True,PROVISIONAL_NOT_DESIGN_QUALIFIED
0.7,9.0,pitch,-0.07041544828132974,0.0085310441223166,0.07894649240364635,112.11530186988607,True,PROVISIONAL_NOT_DESIGN_QUALIFIED
0.7,9.0,cm,-0.013848434712995553,0.0016777796697335016,0.015526214382729055,112.11530186988608,True,PROVISIONAL_NOT_DESIGN_QUALIFIED
0.7,9.0,axial,84.71782798483034,86.11881236685552,1.400984382025186,1.6537066817577615,True,PROVISIONAL_NOT_DESIGN_QUALIFIED
0.7,9.0,ca,0.9631867986252665,0.9791150830719412,0.015928284446674712,1.6537066817577621,True,PROVISIONAL_NOT_DESIGN_QUALIFIED
0.7,9.0,side,7.25682563247505,7.603716949296608,0.3468913168215577,4.780207412855326,True,PROVISIONAL_NOT_DESIGN_QUALIFIED
0.7,9.0,cy,0.08250540429786511,0.08644933375011792,0.0039439294522528034,4.780207412855324,True,PROVISIONAL_NOT_DESIGN_QUALIFIED
0.7,9.0,normal,0.1992933987229541,-0.29193575754964773,-0.49122915627260183,-246.48541267314107,True,PROVISIONAL_NOT_DESIGN_QUALIFIED
0.7,9.0,cNormal,0.002265836781574274,-0.003319120359988893,-0.005584957141563167,-246.48541267314107,True,PROVISIONAL_NOT_DESIGN_QUALIFIED
0.7,10.0,roll,0.3730078346427146,0.3797084549531146,0.0067006203104000295,1.7963752200589074,True,PROVISIONAL_NOT_DESIGN_QUALIFIED
0.7,10.0,cl,0.07335854235916434,0.07467633703590079,0.0013177946767364557,1.7963752200589218,True,PROVISIONAL_NOT_DESIGN_QUALIFIED
0.7,10.0,yaw,2.0393605083952298,2.1165372143655277,0.07717670597029791,3.7843581677978144,True,PROVISIONAL_NOT_DESIGN_QUALIFIED
0.7,10.0,cn,0.40107606421730263,0.41625421901259213,0.0151781547952895,3.7843581677978144,True,PROVISIONAL_NOT_DESIGN_QUALIFIED
0.7,10.0,pitch,-0.16029500185839685,0.05553007033977578,0.21582507219817262,134.64242159517272,True,PROVISIONAL_NOT_DESIGN_QUALIFIED
0.7,10.0,cm,-0.03152482760866107,0.010920963687343773,0.04244579129600484,134.6424215951727,True,PROVISIONAL_NOT_DESIGN_QUALIFIED
0.7,10.0,axial,85.4261729229541,86.12782651214508,0.7016535891909825,0.8213566933682073,True,PROVISIONAL_NOT_DESIGN_QUALIFIED
0.7,10.0,ca,0.9712402214938982,0.9792175680618225,0.00797734656792426,0.8213566933681995,True,PROVISIONAL_NOT_DESIGN_QUALIFIED
0.7,10.0,side,7.696841648123752,8.061996170263168,0.3651545221394157,4.744212481341992,True,PROVISIONAL_NOT_DESIGN_QUALIFIED
0.7,10.0,cy,0.08750810122173346,0.09165967148208032,0.004151570260346862,4.744212481341991,True,PROVISIONAL_NOT_DESIGN_QUALIFIED
0.7,10.0,normal,0.4444122732026726,-0.41210408300980134,-0.856516356212474,-192.73013097499737,True,PROVISIONAL_NOT_DESIGN_QUALIFIED
0.7,10.0,cNormal,0.005052679523045693,-0.004685356339467142,-0.009738035862512835,-192.73013097499734,True,PROVISIONAL_NOT_DESIGN_QUALIFIED
0.7,12.0,roll,0.4871438221596806,0.47628351585664513,-0.010860306303035472,-2.2293839743030914,False,PROVISIONAL_NOT_DESIGN_QUALIFIED
0.7,12.0,cl,0.09580538903998094,0.09366951905020487,-0.0021358699897760652,-2.229383974303091,False,PROVISIONAL_NOT_DESIGN_QUALIFIED
0.7,12.0,yaw,2.7377356490098803,2.663373634864942,-0.07436201414493837,-2.716186793704201,False,PROVISIONAL_NOT_DESIGN_QUALIFIED
0.7,12.0,cn,0.5384238021929394,0.5237992059836147,-0.014624596209324658,-2.7161867937042024,False,PROVISIONAL_NOT_DESIGN_QUALIFIED
0.7,12.0,pitch,-0.0920132874703042,-0.06392075668661815,0.02809253078368605,30.530949992143753,False,PROVISIONAL_NOT_DESIGN_QUALIFIED
0.7,12.0,cm,-0.018096029143628373,-0.012571139535223434,0.005524889608404939,30.53094999214376,False,PROVISIONAL_NOT_DESIGN_QUALIFIED
0.7,12.0,axial,85.03910049001996,86.1845821560399,1.1454816660199327,1.3470058589746776,False,PROVISIONAL_NOT_DESIGN_QUALIFIED
0.7,12.0,ca,0.9668394587927973,0.9798628429496153,0.01302338415681803,1.3470058589746763,False,PROVISIONAL_NOT_DESIGN_QUALIFIED
0.7,12.0,side,10.22999029031936,10.078858844830545,-0.15113144548881507,-1.4773371352251503,False,PROVISIONAL_NOT_DESIGN_QUALIFIED
0.7,12.0,cy,0.11630835955171825,0.11459009296468953,-0.0017182665870287273,-1.477337135225155,False,PROVISIONAL_NOT_DESIGN_QUALIFIED
0.7,12.0,normal,0.185733154392016,-0.06175673612044134,-0.24748989051245732,-133.2502488974559,False,PROVISIONAL_NOT_DESIGN_QUALIFIED
0.7,12.0,cNormal,0.0021116655919159247,-0.0007021340651939801,-0.0028137996571099048,-133.2502488974559,False,PROVISIONAL_NOT_DESIGN_QUALIFIED
0.7,15.0,roll,0.6103478915429141,0.5776983185565088,-0.03264957298640536,-5.34933821166641,False,PROVISIONAL_NOT_DESIGN_QUALIFIED
0.7,15.0,cl,0.12003563329565045,0.11361452129615046,-0.00642111199949999,-5.349338211666404,False,PROVISIONAL_NOT_DESIGN_QUALIFIED
0.7,15.0,yaw,3.4268435623712574,3.326080531945947,-0.10076303042531043,-2.94040356938809,False,PROVISIONAL_NOT_DESIGN_QUALIFIED
0.7,15.0,cn,0.6739489771554896,0.6541321573753551,-0.019816819780134498,-2.9404035693880837,False,PROVISIONAL_NOT_DESIGN_QUALIFIED
0.7,15.0,pitch,-0.09822732642707063,-0.004740377681938288,0.09348694874513234,95.1740744104872,False,PROVISIONAL_NOT_DESIGN_QUALIFIED
0.7,15.0,cm,-0.01931812905063994,-0.0009322785332699423,0.018385850517369996,95.17407441048718,False,PROVISIONAL_NOT_DESIGN_QUALIFIED
0.7,15.0,axial,85.57809417964073,86.52325288344527,0.9451587038045375,1.1044400005222288,False,PROVISIONAL_NOT_DESIGN_QUALIFIED
0.7,15.0,ca,0.9729674677223701,0.9837133096279641,0.010745841905594022,1.1044400005222248,False,PROVISIONAL_NOT_DESIGN_QUALIFIED
0.7,15.0,side,12.800140774451098,12.528031782220006,-0.2721089922310913,-2.125828121939229,False,PROVISIONAL_NOT_DESIGN_QUALIFIED
0.7,15.0,cy,0.14552930484365018,0.1424356019556212,-0.0030937028880289874,-2.1258281219392314,False,PROVISIONAL_NOT_DESIGN_QUALIFIED
0.7,15.0,normal,0.1391364828151697,-0.32827226770677154,-0.4674087505219412,-335.935436245612,False,PROVISIONAL_NOT_DESIGN_QUALIFIED
0.7,15.0,cNormal,0.0015818916353558955,-0.003732242930809777,-0.005314134566165672,-335.9354362456119,False,PROVISIONAL_NOT_DESIGN_QUALIFIED
0.8,-6.0,roll,-0.3255202603512974,-0.3106618959382098,0.014858364413087577,4.564497582132865,True,PROVISIONAL_NOT_DESIGN_QUALIFIED
0.8,-6.0,cl,-0.049019920815318696,-0.04678240771494003,0.002237513100378667,4.564497582132866,True,PROVISIONAL_NOT_DESIGN_QUALIFIED
0.8,-6.0,yaw,-1.8744298668072654,-1.8732181247576019,0.0012117420496635667,0.06464589959439447,True,PROVISIONAL_NOT_DESIGN_QUALIFIED
0.8,-6.0,cn,-0.2822693848475054,-0.2820869092643912,0.00018247558311423884,0.06464589959439644,True,PROVISIONAL_NOT_DESIGN_QUALIFIED
0.8,-6.0,pitch,-0.011747640754041843,0.03200175151306224,0.04374939226710409,372.41002838848186,True,PROVISIONAL_NOT_DESIGN_QUALIFIED
0.8,-6.0,cm,-0.0017690708987160185,0.004819126537404675,0.006588197436120694,372.4100283884818,True,PROVISIONAL_NOT_DESIGN_QUALIFIED
0.8,-6.0,axial,120.4477971996008,124.0839019345098,3.636104734908997,3.0188221116932543,True,PROVISIONAL_NOT_DESIGN_QUALIFIED
0.8,-6.0,ca,1.0485675473909457,1.0802219363676233,0.031654388976677605,3.018822111693263,True,PROVISIONAL_NOT_DESIGN_QUALIFIED
0.8,-6.0,side,-6.9273298148502995,-6.786776840329558,0.1405529745207419,2.028963226486413,True,PROVISIONAL_NOT_DESIGN_QUALIFIED
0.8,-6.0,cy,-0.06030640163463137,-0.059082806922247495,0.0012235947123838756,2.0289632264864195,True,PROVISIONAL_NOT_DESIGN_QUALIFIED
0.8,-6.0,normal,0.09795171450701597,-0.30059340478747093,-0.3985451192944869,-406.8791662303577,True,PROVISIONAL_NOT_DESIGN_QUALIFIED
0.8,-6.0,cNormal,0.0008527261720955762,-0.0026168389671549497,-0.003469565139250526,-406.8791662303577,True,PROVISIONAL_NOT_DESIGN_QUALIFIED
0.8,3.0,roll,0.18189826606387224,0.177472410336371,-0.004425855727501232,-2.433148937190597,True,PROVISIONAL_NOT_DESIGN_QUALIFIED
0.8,3.0,cl,0.0273919619911586,0.02672547475909507,-0.0006664872320635284,-2.4331489371905994,True,PROVISIONAL_NOT_DESIGN_QUALIFIED
0.8,3.0,yaw,1.100397114651916,1.0055741649664598,-0.09482294968545624,-8.617157244678088,True,PROVISIONAL_NOT_DESIGN_QUALIFIED
0.8,3.0,cn,0.16570820927529745,0.1514288723147048,-0.014279336960592637,-8.617157244678097,True,PROVISIONAL_NOT_DESIGN_QUALIFIED
0.8,3.0,pitch,0.09845220050733233,0.05071189795615875,-0.047740302551173584,-48.49084358212803,True,PROVISIONAL_NOT_DESIGN_QUALIFIED
0.8,3.0,cm,0.01482586388864098,0.0076366774207008775,-0.007189186467940103,-48.490843582128036,True,PROVISIONAL_NOT_DESIGN_QUALIFIED
0.8,3.0,axial,119.96751644710578,124.05867548488847,4.091159037782688,3.4102223326315992,True,PROVISIONAL_NOT_DESIGN_QUALIFIED
0.8,3.0,ca,1.0443864264206035,1.0800023255733722,0.03561589915276864,3.4102223326316117,True,PROVISIONAL_NOT_DESIGN_QUALIFIED
0.8,3.0,side,4.023993178263473,3.843031294815014,-0.1809618834484592,-4.49707232174166,True,PROVISIONAL_NOT_DESIGN_QUALIFIED
0.8,3.0,cy,0.035031181605234135,0.033455804033286095,-0.0015753775719480403,-4.497072321741661,True,PROVISIONAL_NOT_DESIGN_QUALIFIED
0.8,3.0,normal,-0.21297784045608784,-0.3262363672529774,-0.11325852679688955,-53.17854972815419,True,PROVISIONAL_NOT_DESIGN_QUALIFIED
0.8,3.0,cNormal,-0.001854094944099155,-0.0028400757459541163,-0.0009859808018549614,-53.178549728154174,True,PROVISIONAL_NOT_DESIGN_QUALIFIED
0.8,6.0,roll,0.32631150555489025,0.3130387660821858,-0.013272739472704465,-4.06750581783326,False,PROVISIONAL_NOT_DESIGN_QUALIFIED
0.8,6.0,cl,0.04913907400468935,0.04714033931071922,-0.0019987346939701334,-4.067505817833266,False,PROVISIONAL_NOT_DESIGN_QUALIFIED
0.8,6.0,yaw,1.8690012279229542,1.8736468960453414,0.004645668122387203,0.24856420921403008,False,PROVISIONAL_NOT_DESIGN_QUALIFIED
0.8,6.0,cn,0.2814518890395434,0.28215147770185245,0.0006995886623090697,0.24856420921402272,False,PROVISIONAL_NOT_DESIGN_QUALIFIED
0.8,6.0,pitch,-0.010859832361046423,-0.007810638454981281,0.0030491939060651426,28.07772537081162,False,PROVISIONAL_NOT_DESIGN_QUALIFIED
0.8,6.0,cm,-0.0016353763106223488,-0.0011761998413464944,0.00045917646927585445,28.07772537081163,False,PROVISIONAL_NOT_DESIGN_QUALIFIED
0.8,6.0,axial,120.45255511177645,124.08407100903173,3.6315158972552837,3.0148932032909914,False,PROVISIONAL_NOT_DESIGN_QUALIFIED
0.8,6.0,ca,1.0486089677607384,1.0802234082588569,0.03161444049811846,3.014893203291004,False,PROVISIONAL_NOT_DESIGN_QUALIFIED
0.8,6.0,side,6.933340473852295,7.090842997305468,0.15750252345317328,2.271668671791938,False,PROVISIONAL_NOT_DESIGN_QUALIFIED
0.8,6.0,cy,0.06035872788811595,0.06172987820024242,0.001371150312126472,2.2716686717919354,False,PROVISIONAL_NOT_DESIGN_QUALIFIED
0.8,6.0,normal,0.0803476933103573,-0.17960291805931164,-0.2599506113696689,-323.5321397038286,False,PROVISIONAL_NOT_DESIGN_QUALIFIED
0.8,6.0,cNormal,0.0006994730138015383,-0.001563546994401435,-0.002263020008202973,-323.5321397038286,False,PROVISIONAL_NOT_DESIGN_QUALIFIED
0.8,9.0,roll,0.5103651012814371,0.5075836417141028,-0.0027814595673343323,-0.544994075878342,False,PROVISIONAL_NOT_DESIGN_QUALIFIED
0.8,9.0,cl,0.07685560592977832,0.07643674743048062,-0.0004188584992976946,-0.5449940758783407,False,PROVISIONAL_NOT_DESIGN_QUALIFIED
0.8,9.0,yaw,2.8542361087297405,2.9618502278267713,0.10761411909703078,3.7703299586145222,False,PROVISIONAL_NOT_DESIGN_QUALIFIED
0.8,9.0,cn,0.42981787949899447,0.4460234317772267,0.016205552278232227,3.7703299586145156,False,PROVISIONAL_NOT_DESIGN_QUALIFIED
0.8,9.0,pitch,-0.023291836959676123,-0.008437151781620437,0.014854685178055686,63.77635737263998,False,PROVISIONAL_NOT_DESIGN_QUALIFIED
0.8,9.0,cm,-0.0035075051923786848,-0.0012705461460233516,0.002236959046355333,63.776357372639964,False,PROVISIONAL_NOT_DESIGN_QUALIFIED
0.8,9.0,axial,120.46555386227546,124.64121921886287,4.175665356587416,3.4662733227137488,False,PROVISIONAL_NOT_DESIGN_QUALIFIED
0.8,9.0,ca,1.0487221293813476,1.0850737047814887,0.03635157540014111,3.466273322713739,False,PROVISIONAL_NOT_DESIGN_QUALIFIED
0.8,9.0,side,10.594066118962076,11.087941646089286,0.4938755271272104,4.661812769350513,False,PROVISIONAL_NOT_DESIGN_QUALIFIED
0.8,9.0,cy,0.09222745608912138,0.09652692741393118,0.004299471324809803,4.661812769350519,False,PROVISIONAL_NOT_DESIGN_QUALIFIED
0.8,9.0,normal,0.05154537314097205,-0.28636033756204365,-0.3379057107030157,-655.5500331307592,False,PROVISIONAL_NOT_DESIGN_QUALIFIED
0.8,9.0,cNormal,0.0004487322039124791,-0.0024929319075041633,-0.0029416641114166425,-655.5500331307592,False,PROVISIONAL_NOT_DESIGN_QUALIFIED
0.8,10.0,roll,0.5469338004331338,0.5666978060372734,0.0197640056041396,3.61360105893764,True,PROVISIONAL_NOT_DESIGN_QUALIFIED
0.8,10.0,cl,0.08236246665421015,0.08533871762139385,0.002976250967183694,3.6136010589376344,True,PROVISIONAL_NOT_DESIGN_QUALIFIED
0.8,10.0,yaw,3.0917259217321353,3.271653118858397,0.1799271971262617,5.819636076455888,True,PROVISIONAL_NOT_DESIGN_QUALIFIED
0.8,10.0,cn,0.46558134262494133,0.4926764824055901,0.027095139780648758,5.8196360764558825,True,PROVISIONAL_NOT_DESIGN_QUALIFIED
0.8,10.0,pitch,-0.11558528975836542,-0.06552247855759602,0.0500628112007694,43.312441665740714,True,PROVISIONAL_NOT_DESIGN_QUALIFIED
0.8,10.0,cm,-0.01740592657813705,-0.009866994782599782,0.0075389317955372685,43.31244166574071,True,PROVISIONAL_NOT_DESIGN_QUALIFIED
0.8,10.0,axial,121.25011715369261,124.6581363558632,3.4080192021705926,2.810734770549294,True,PROVISIONAL_NOT_DESIGN_QUALIFIED
0.8,10.0,ca,1.055552205359333,1.0852209782166675,0.029668772857334602,2.8107347705492884,True,PROVISIONAL_NOT_DESIGN_QUALIFIED
0.8,10.0,side,11.455772203193613,12.21091107130914,0.7551388681155267,6.591776221816028,True,PROVISIONAL_NOT_DESIGN_QUALIFIED
0.8,10.0,cy,0.09972910457354475,0.10630302397505371,0.0065739194015089625,6.591776221816027,True,PROVISIONAL_NOT_DESIGN_QUALIFIED
0.8,10.0,normal,0.2920529191952016,-0.07076234163852968,-0.3628152608337313,-124.22928756662547,True,PROVISIONAL_NOT_DESIGN_QUALIFIED
0.8,10.0,cNormal,0.002542489114030004,-0.0006160269987884775,-0.0031585161128184812,-124.22928756662546,True,PROVISIONAL_NOT_DESIGN_QUALIFIED
0.8,12.0,roll,0.697898017748503,0.6892228283084189,-0.008675189440084163,-1.2430454334963286,False,PROVISIONAL_NOT_DESIGN_QUALIFIED
0.8,12.0,cl,0.10509608689265461,0.10378969478375213,-0.0013063921089024738,-1.243045433496326,False,PROVISIONAL_NOT_DESIGN_QUALIFIED
0.8,12.0,yaw,3.9832720083061885,3.9484860131956534,-0.03478599511053515,-0.8733020250185536,False,PROVISIONAL_NOT_DESIGN_QUALIFIED
0.8,12.0,cn,0.5998387879830369,0.5946003837007343,-0.0052384042823026,-0.873302025018552,False,PROVISIONAL_NOT_DESIGN_QUALIFIED
0.8,12.0,pitch,-0.016861841699273718,-0.10008303097306322,-0.08322118927378949,-493.5474472955942,False,PROVISIONAL_NOT_DESIGN_QUALIFIED
0.8,12.0,cm,-0.00253921566665871,-0.015071449770782583,-0.012532234104123872,-493.54744729559434,False,PROVISIONAL_NOT_DESIGN_QUALIFIED
0.8,12.0,axial,120.90295271457086,124.778003785149,3.875051070578138,3.2050921698549457,False,PROVISIONAL_NOT_DESIGN_QUALIFIED
0.8,12.0,ca,1.0525299386767135,1.08626449332662,0.03373455464990638,3.205092169854943,False,PROVISIONAL_NOT_DESIGN_QUALIFIED
0.8,12.0,side,14.674231575648701,14.70484507939542,0.030613503746719672,0.20862083025540878,False,PROVISIONAL_NOT_DESIGN_QUALIFIED
0.8,12.0,cy,0.1277476497774899,0.12801415798508747,0.00026650820759757665,0.20862083025541298,False,PROVISIONAL_NOT_DESIGN_QUALIFIED
0.8,12.0,normal,-0.08708890192981956,-0.0033709841973155515,0.08371791773250402,96.12926087869147,False,PROVISIONAL_NOT_DESIGN_QUALIFIED
0.8,12.0,cNormal,-0.0007581591230779617,-2.9346361778748404e-05,0.0007288127612992132,96.12926087869145,False,PROVISIONAL_NOT_DESIGN_QUALIFIED
0.8,15.0,roll,0.8668709451037924,0.8476833486334387,-0.01918759647035362,-2.2134317199956732,False,PROVISIONAL_NOT_DESIGN_QUALIFIED
0.8,15.0,cl,0.13054162908394534,0.1276521792580022,-0.0028894498259431356,-2.2134317199956675,False,PROVISIONAL_NOT_DESIGN_QUALIFIED
0.8,15.0,yaw,4.910779284066667,4.88490319031464,-0.02587609375202682,-0.5269243892916026,False,PROVISIONAL_NOT_DESIGN_QUALIFIED
0.8,15.0,cn,0.7395116094668484,0.7356149424349248,-0.003896667031923595,-0.5269243892915895,False,PROVISIONAL_NOT_DESIGN_QUALIFIED
0.8,15.0,pitch,-0.06479272562762071,-0.11351784286203807,-0.04872511723441736,-75.20152418722475,False,PROVISIONAL_NOT_DESIGN_QUALIFIED
0.8,15.0,cm,-0.009757101681618814,-0.0170945908626935,-0.007337489181074686,-75.20152418722475,False,PROVISIONAL_NOT_DESIGN_QUALIFIED
0.8,15.0,axial,121.5839195508982,125.2746451899468,3.690725639048594,3.035537637445189,False,PROVISIONAL_NOT_DESIGN_QUALIFIED
0.8,15.0,ca,1.058458147760015,1.0905880432118755,0.03212989545186051,3.0355376374451932,False,PROVISIONAL_NOT_DESIGN_QUALIFIED
0.8,15.0,side,18.1085250007984,18.182816624466735,0.07429162366833353,0.41025773035108065,False,PROVISIONAL_NOT_DESIGN_QUALIFIED
0.8,15.0,cy,0.15764515490049774,0.15829190633500095,0.0006467514345032122,0.41025773035107094,False,PROVISIONAL_NOT_DESIGN_QUALIFIED
0.8,15.0,normal,-0.0340600172702994,-0.06332816166266603,-0.029268144392366628,-85.93109087436864,False,PROVISIONAL_NOT_DESIGN_QUALIFIED
0.8,15.0,cNormal,-0.000296512095725811,-0.0005513081741574525,-0.0002547960784316415,-85.93109087436862,False,PROVISIONAL_NOT_DESIGN_QUALIFIED
0.85,-6.0,roll,-0.3933046238123753,-0.38760563014692534,0.0056989936654499584,1.44900245774091,True,PROVISIONAL_NOT_DESIGN_QUALIFIED
0.85,-6.0,cl,-0.05248500801871478,-0.051724498962578094,0.0007605090561366851,1.449002457740899,True,PROVISIONAL_NOT_DESIGN_QUALIFIED
0.85,-6.0,yaw,-2.210580203745908,-2.3623615991735387,-0.1517813954276308,-6.866133839904644,True,PROVISIONAL_NOT_DESIGN_QUALIFIED
0.85,-6.0,cn,-0.29499353095570063,-0.3152481816101796,-0.020254650654478956,-6.8661338399046485,True,PROVISIONAL_NOT_DESIGN_QUALIFIED
0.85,-6.0,pitch,0.01676098871818417,-0.06803760210827328,-0.08479859082645745,-505.9283330610359,True,PROVISIONAL_NOT_DESIGN_QUALIFIED
0.85,-6.0,cm,0.002236690275208009,-0.009079359549890167,-0.011316049825098175,-505.92833306103586,True,PROVISIONAL_NOT_DESIGN_QUALIFIED
0.85,-6.0,axial,147.9590139461078,157.7277598545924,9.76874590848459,6.60233239459323,True,PROVISIONAL_NOT_DESIGN_QUALIFIED
0.85,-6.0,ca,1.1414334972201228,1.2167947307698255,0.0753612335497027,6.60233239459324,True,PROVISIONAL_NOT_DESIGN_QUALIFIED
0.85,-6.0,side,-8.086307835728544,-8.528250843705322,-0.44194300797677855,-5.4653250526043236,True,PROVISIONAL_NOT_DESIGN_QUALIFIED
0.85,-6.0,cy,-0.062382023145247635,-0.06579140348452628,-0.0034093803392786434,-5.465325052604319,True,PROVISIONAL_NOT_DESIGN_QUALIFIED
0.85,-6.0,normal,0.056442535458742525,0.19153169244848348,0.13508915698974094,239.33927824430617,True,PROVISIONAL_NOT_DESIGN_QUALIFIED
0.85,-6.0,cNormal,0.0004354273451978357,0.0014775760104726793,0.0010421486652748436,239.33927824430617,True,PROVISIONAL_NOT_DESIGN_QUALIFIED
0.85,3.0,roll,0.22571753592814373,0.21954277694496874,-0.006174758983174988,-2.735613322103914,False,PROVISIONAL_NOT_DESIGN_QUALIFIED
0.85,3.0,cl,0.03012114774629407,0.02929714961577585,-0.0008239981305182206,-2.7356133221039047,False,PROVISIONAL_NOT_DESIGN_QUALIFIED
0.85,3.0,yaw,1.27297238472499,1.2185974310450947,-0.05437495367989542,-4.271495150434269,False,PROVISIONAL_NOT_DESIGN_QUALIFIED
0.85,3.0,cn,0.1698733291571116,0.16261719814028433,-0.007256131016827261,-4.271495150434267,False,PROVISIONAL_NOT_DESIGN_QUALIFIED
0.85,3.0,pitch,0.08175976677434989,-0.0407045516730043,-0.12246431844735418,-149.78555257544392,False,PROVISIONAL_NOT_DESIGN_QUALIFIED
0.85,3.0,cm,0.010910530298792239,-0.005431867798164949,-0.016342398096957186,-149.78555257544392,False,PROVISIONAL_NOT_DESIGN_QUALIFIED
0.85,3.0,axial,147.66427987225546,157.75810851582995,10.093828643574483,6.835660358962008,False,PROVISIONAL_NOT_DESIGN_QUALIFIED
0.85,3.0,ca,1.1391597638686033,1.2170288562726146,0.0778690924040113,6.835660358962005,False,PROVISIONAL_NOT_DESIGN_QUALIFIED
0.85,3.0,side,4.637247107025948,4.516886888392676,-0.12036021863327129,-2.5955101346855574,False,PROVISIONAL_NOT_DESIGN_QUALIFIED
0.85,3.0,cy,0.03577415827314497,0.03484563636956704,-0.0009285219035779294,-2.595510134685557,False,PROVISIONAL_NOT_DESIGN_QUALIFIED
0.85,3.0,normal,-0.12892044544970058,0.11394182355639812,0.2428622690060987,188.3815000475262,False,PROVISIONAL_NOT_DESIGN_QUALIFIED
0.85,3.0,cNormal,-0.0009945599865002265,0.0008790070349413743,0.0018735670214416007,188.3815000475262,False,PROVISIONAL_NOT_DESIGN_QUALIFIED
0.85,6.0,roll,0.40032825738922156,0.3872613885796579,-0.013066868809563648,-3.2640385904258826,False,PROVISIONAL_NOT_DESIGN_QUALIFIED
0.85,6.0,cl,0.0534222852391757,0.051678561233081614,-0.0017437240060940856,-3.264038590425884,False,PROVISIONAL_NOT_DESIGN_QUALIFIED
0.85,6.0,yaw,2.2718567644408783,2.3014987157396214,0.02964195129874314,1.3047456055636615,False,PROVISIONAL_NOT_DESIGN_QUALIFIED
0.85,6.0,cn,0.30317065521185743,0.3071262610130927,0.0039556058012352735,1.3047456055636628,False,PROVISIONAL_NOT_DESIGN_QUALIFIED
0.85,6.0,pitch,0.025341060414747266,-0.09861105953259013,-0.12395211994733739,-489.13548967036627,False,PROVISIONAL_NOT_DESIGN_QUALIFIED
0.85,6.0,cm,0.00338166825037183,-0.01315927130511173,-0.01654093955548356,-489.1354896703663,False,PROVISIONAL_NOT_DESIGN_QUALIFIED
0.85,6.0,axial,148.02163231137726,157.7354465832262,9.713814271848946,6.5624288289261905,False,PROVISIONAL_NOT_DESIGN_QUALIFIED
0.85,6.0,ca,1.1419165681581716,1.216854030229268,0.07493746207109653,6.5624288289261985,False,PROVISIONAL_NOT_DESIGN_QUALIFIED
0.85,6.0,side,8.32319592510978,8.496944523393374,0.1737485982835949,2.087522627689474,False,PROVISIONAL_NOT_DESIGN_QUALIFIED
0.85,6.0,cy,0.06420950220921803,0.06554989009696223,0.001340387887744196,2.087522627689469,False,PROVISIONAL_NOT_DESIGN_QUALIFIED
0.85,6.0,normal,0.014569879125189622,0.2743913413295833,0.25982146220439367,1783.2780901743563,False,PROVISIONAL_NOT_DESIGN_QUALIFIED
0.85,6.0,cNormal,0.0001123996952966794,0.002116798834945099,0.00200439913964842,1783.2780901743563,False,PROVISIONAL_NOT_DESIGN_QUALIFIED
0.85,9.0,roll,0.61934553399002,0.6260648951786831,0.00671936118866312,1.0849131575027058,False,PROVISIONAL_NOT_DESIGN_QUALIFIED
0.85,9.0,cl,0.08264930883021716,0.08354598205630123,0.0008966732260840687,1.0849131575027022,False,PROVISIONAL_NOT_DESIGN_QUALIFIED
0.85,9.0,yaw,3.4413372521437124,3.654880799162286,0.2135435470185736,6.205249046298817,False,PROVISIONAL_NOT_DESIGN_QUALIFIED
0.85,9.0,cn,0.4592333838414983,0.4877299590126087,0.028496575171110372,6.20524904629882,False,PROVISIONAL_NOT_DESIGN_QUALIFIED
0.85,9.0,pitch,-0.039042227329332595,-0.17764807010175443,-0.13860584277242183,-355.0152034187011,False,PROVISIONAL_NOT_DESIGN_QUALIFIED
0.85,9.0,cm,-0.005210036929100631,-0.023706460131136683,-0.018496423202036053,-355.0152034187011,False,PROVISIONAL_NOT_DESIGN_QUALIFIED
0.85,9.0,axial,148.10067643912177,158.44300803735206,10.342331598230288,6.9833115194997815,False,PROVISIONAL_NOT_DESIGN_QUALIFIED
0.85,9.0,ca,1.1425263560498307,1.2223125306851794,0.07978617463534876,6.983311519499768,False,PROVISIONAL_NOT_DESIGN_QUALIFIED
0.85,9.0,side,12.603287692614769,13.3640801426552,0.7607924500404302,6.036460236373377,False,PROVISIONAL_NOT_DESIGN_QUALIFIED
0.85,9.0,cy,0.09722837672257305,0.10309752902190247,0.005869152299329425,6.0364602363733715,False,PROVISIONAL_NOT_DESIGN_QUALIFIED
0.85,9.0,normal,0.1443937951511577,0.3984446142057171,0.2540508190545594,175.94303050806857,False,PROVISIONAL_NOT_DESIGN_QUALIFIED
0.85,9.0,cNormal,0.0011139295280536545,0.00307381089743548,0.0019598813693818256,175.94303050806857,False,PROVISIONAL_NOT_DESIGN_QUALIFIED
0.85,10.0,roll,0.6736396343772455,0.706429055683662,0.03278942130641649,4.867501796673391,False,PROVISIONAL_NOT_DESIGN_QUALIFIED
0.85,10.0,cl,0.08989465028227149,0.09427027399987431,0.0043756237176028195,4.867501796673383,False,PROVISIONAL_NOT_DESIGN_QUALIFIED
0.85,10.0,yaw,3.7947389792870263,4.06159073089775,0.26685175161072383,7.0321503815490685,False,PROVISIONAL_NOT_DESIGN_QUALIFIED
0.85,10.0,cn,0.5063935018771126,0.5420038544515037,0.035610352574391047,7.032150381549065,False,PROVISIONAL_NOT_DESIGN_QUALIFIED
0.85,10.0,pitch,-0.11625683368893387,-0.16791697851734416,-0.05166014482841029,-44.436222103413144,False,PROVISIONAL_NOT_DESIGN_QUALIFIED
0.85,10.0,cm,-0.015514032836046446,-0.02240788292426849,-0.0068938500882220425,-44.43622210341313,False,PROVISIONAL_NOT_DESIGN_QUALIFIED
0.85,10.0,axial,148.9125226686627,158.490473764217,9.577951095554312,6.431931259982547,False,PROVISIONAL_NOT_DESIGN_QUALIFIED
0.85,10.0,ca,1.1487893640023394,1.2226787062169606,0.07388934221462118,6.431931259982549,False,PROVISIONAL_NOT_DESIGN_QUALIFIED
0.85,10.0,side,13.853245566467065,14.82715226919218,0.9739067027251149,7.0301699197662195,False,PROVISIONAL_NOT_DESIGN_QUALIFIED
0.85,10.0,cy,0.10687120786396419,0.11438443537210742,0.007513227508143233,7.030169919766212,False,PROVISIONAL_NOT_DESIGN_QUALIFIED
0.85,10.0,normal,0.3121245178843513,0.3739639982532826,0.06183948036893128,19.812439211149734,False,PROVISIONAL_NOT_DESIGN_QUALIFIED
0.85,10.0,cNormal,0.002407892365021076,0.0028849545761107922,0.00047706221108971634,19.812439211149734,False,PROVISIONAL_NOT_DESIGN_QUALIFIED
0.85,12.0,roll,0.8457472920998004,0.8565826446213642,0.010835352521563868,1.2811572230591628,False,PROVISIONAL_NOT_DESIGN_QUALIFIED
0.85,12.0,cl,0.11286176342752581,0.1143077000617495,0.0014459366342236962,1.281157223059167,False,PROVISIONAL_NOT_DESIGN_QUALIFIED
0.85,12.0,yaw,4.757264656620358,4.83012251692674,0.07285786030638164,1.5315074011068601,False,PROVISIONAL_NOT_DESIGN_QUALIFIED
0.85,12.0,cn,0.6348388972131164,0.6445615019090405,0.00972260469592412,1.5315074011068712,False,PROVISIONAL_NOT_DESIGN_QUALIFIED
0.85,12.0,pitch,-0.08439639115226152,-0.16536283915514643,-0.08096644800288491,-95.93591254015996,False,PROVISIONAL_NOT_DESIGN_QUALIFIED
0.85,12.0,cm,-0.011262377806395014,-0.02206704272868052,-0.010804664922285507,-95.93591254015998,False,PROVISIONAL_NOT_DESIGN_QUALIFIED
0.85,12.0,axial,148.7099821556886,158.67997552549986,9.969993369811249,6.704320197801777,False,PROVISIONAL_NOT_DESIGN_QUALIFIED
0.85,12.0,ca,1.1472268601718059,1.2241406222729114,0.07691376210110556,6.70432019780178,False,PROVISIONAL_NOT_DESIGN_QUALIFIED
0.85,12.0,side,17.298538967664673,17.638603630630207,0.34006466296553484,1.9658577155053463,False,PROVISIONAL_NOT_DESIGN_QUALIFIED
0.85,12.0,cy,0.13345000959422434,0.13607344690417503,0.0026234373099506825,1.965857715505345,False,PROVISIONAL_NOT_DESIGN_QUALIFIED
0.85,12.0,normal,0.12056163533137725,0.3465911218262929,0.22602948649491567,187.48044174554212,False,PROVISIONAL_NOT_DESIGN_QUALIFIED
0.85,12.0,cNormal,0.0009300757377106803,0.0026737858393387735,0.0017437101016280932,187.48044174554212,False,PROVISIONAL_NOT_DESIGN_QUALIFIED
0.85,15.0,roll,1.051829464530938,1.0539959056643644,0.0021664411334263445,0.20596885773612228,False,PROVISIONAL_NOT_DESIGN_QUALIFIED
0.85,15.0,cl,0.14036264650313968,0.14065174984283038,0.000289103339690705,0.20596885773612017,False,PROVISIONAL_NOT_DESIGN_QUALIFIED
0.85,15.0,yaw,5.8342646817171655,5.9968531241557255,0.16258844243855997,2.7867855044023515,False,PROVISIONAL_NOT_DESIGN_QUALIFIED
0.85,15.0,cn,0.7785604594094654,0.8002572694352967,0.021696810025831348,2.7867855044023533,False,PROVISIONAL_NOT_DESIGN_QUALIFIED
0.85,15.0,pitch,-0.08438823457105817,-0.25921941609771837,-0.17483118152666022,-207.17483001667205,False,PROVISIONAL_NOT_DESIGN_QUALIFIED
0.85,15.0,cm,-0.011261289341617473,-0.03459184639279908,-0.02333055705118161,-207.17483001667208,False,PROVISIONAL_NOT_DESIGN_QUALIFIED
0.85,15.0,axial,149.43386373852294,159.2834970353104,9.84963329678746,6.591299355025843,False,PROVISIONAL_NOT_DESIGN_QUALIFIED
0.85,15.0,ca,1.152811262667005,1.2287965039878406,0.0759852413208355,6.5912993550258365,False,PROVISIONAL_NOT_DESIGN_QUALIFIED
0.85,15.0,side,21.273023216167665,21.857325668067833,0.584302451900168,2.7466827162398504,False,PROVISIONAL_NOT_DESIGN_QUALIFIED
0.85,15.0,cy,0.16411126729270742,0.1686188831068384,0.0045076158141309774,2.7466827162398504,False,PROVISIONAL_NOT_DESIGN_QUALIFIED
0.85,15.0,normal,0.032987548734411176,0.5656691395241863,0.5326815907897751,1614.7959191466227,False,PROVISIONAL_NOT_DESIGN_QUALIFIED
0.85,15.0,cNormal,0.000254483266091195,0.004363868661842854,0.004109385395751659,1614.7959191466232,False,PROVISIONAL_NOT_DESIGN_QUALIFIED
