mach,angle,metric,openfoam,simscale,delta,percent,flagged
0.3,-6.0,roll,-0.04847780012934132,-0.035055834008785855,0.013421966120555462,-27.686830022701013,False
0.3,-6.0,cl,-0.05195115012270126,-0.037567523493390736,0.014383626629310524,-27.686830022701002,False
0.3,-6.0,yaw,-0.28904344380760677,-0.1984555313140104,0.09058791249359638,-31.34058717965371,False
0.3,-6.0,cn,-0.30975290341491774,-0.21267452467865688,0.09707837873626085,-31.34058717965371,False
0.3,-6.0,pitch,-0.01487637612918757,-0.021352173533797147,-0.006475797404609577,43.53074531306056,False
0.3,-6.0,cm,-0.015942242583351602,-0.022882019599500675,-0.006939777016149073,43.53074531306056,False
0.3,-6.0,axial,14.394647520958083,14.742827580749754,0.3481800597916713,2.4188161556907506,False
0.3,-6.0,ca,0.8917769998136292,0.9133474459578556,0.02157044614422632,2.4188161556907506,False
0.3,-6.0,side,-1.0726989706207586,-0.7482462411655577,0.3244527294552009,-30.24639142400256,False
0.3,-6.0,cy,-0.06645583147003507,-0.04635534055953279,0.020100490910502283,-30.24639142400256,False
0.3,-6.0,normal,0.0569910480822016,0.03247718422148109,-0.024513863860720513,-43.01353402970006,False
0.3,-6.0,cNormal,0.003530708605471801,0.0020120260579676395,-0.0015186825475041617,-43.01353402970006,False
0.3,0.0,roll,-0.0002522147471470359,9.688908071883888e-05,0.00034910382786587483,,True
0.3,0.0,cl,-0.0002702854947467856,0.00010383101469632035,0.00037411650944310594,,True
0.3,0.0,yaw,0.032413177351303044,-0.04118311362362326,-0.0735962909749263,-227.0567003576021,True
0.3,0.0,cn,0.034735525086504467,-0.04413381202679969,-0.07886933711330416,-227.0567003576021,True
0.3,0.0,pitch,0.035255210510372316,-0.006322534517004951,-0.041577745027377266,-117.93361725962414,True
0.3,0.0,cm,0.03778118497425872,-0.006775533109434182,-0.0445567180836929,-117.93361725962414,True
0.3,0.0,axial,14.643893699600799,14.73451477518176,0.09062107558096066,0.6188318314781949,True
0.3,0.0,ca,0.9072182955509089,0.912832451144772,0.005614155593863024,0.6188318314781949,True
0.3,0.0,side,0.09902224331956887,-0.11953748555771951,-0.21855972887728836,-220.71781202930634,True
0.3,0.0,cy,0.006134624618891873,-0.007405584616137441,-0.013540209235029313,-220.71781202930634,True
0.3,0.0,normal,-0.09861633955750158,-0.007207631176313872,0.09140870838118771,-92.69124040837957,True
0.3,0.0,cNormal,-0.006109478074759937,-0.00044652706478696426,0.005662951009972972,-92.69124040837957,True
0.3,3.0,roll,0.02424709983772455,0.022877071485831114,-0.0013700283518934368,-5.6502771921691615,False
0.3,3.0,cl,0.02598436233387039,0.024516173835389114,-0.0014681884984812758,-5.650277192169173,False
0.3,3.0,yaw,0.09472793348002395,0.17843828620718447,0.08371035272716051,88.36923772311913,False
0.3,3.0,cn,0.10151502501978012,0.19122307880419345,0.08970805378441334,88.36923772311911,False
0.3,3.0,pitch,-0.029777038732986028,0.020525743816221593,0.05030278254920762,-168.93144748300256,False
0.3,3.0,cm,-0.0319105117249442,0.021996377631237282,0.05390688935618148,-168.93144748300256,False
0.3,3.0,axial,14.64553870738523,14.724495042306213,0.0789563349209832,0.5391152657373333,False
0.3,3.0,ca,0.907320207049925,0.9122117087952507,0.00489150174532571,0.5391152657373333,False
0.3,3.0,side,0.3845622781077844,0.6561239270958416,0.2715616489880571,70.61577914616583,False
0.3,3.0,cy,0.023824396819244156,0.04064818026002777,0.016823783440783613,70.61577914616583,False
0.3,3.0,normal,0.10253528631936128,-0.0880275492987694,-0.19056283561813067,-185.85098111941153,False
0.3,3.0,cNormal,0.006352264609173665,-0.005453481490276743,-0.011805746099450409,-185.85098111941153,False
0.3,6.0,roll,0.04740432925748503,0.03424173210919399,-0.013162597148291037,-27.76665624102823,False
0.3,6.0,cl,0.05080076693148052,0.03669509260981038,-0.01410567432167014,-27.76665624102823,False
0.3,6.0,yaw,0.2831448129342714,0.1805519175080837,-0.10259289542618771,-36.233365662963216,False
0.3,6.0,cn,0.30343164590732774,0.19348814810857792,-0.10994349779874982,-36.233365662963216,False
0.3,6.0,pitch,0.03549898939641098,-0.002752804465557671,-0.038251793861968655,-107.75459953188408,False
0.3,6.0,cm,0.03804243019313313,-0.0029500381136740358,-0.04099246830680717,-107.75459953188408,False
0.3,6.0,axial,14.583886891017965,14.756485607736286,0.17259871671832094,1.183489134330995,False
0.3,6.0,ca,0.9035007545935164,0.9141935878527292,0.010692833259212775,1.183489134330995,False
0.3,6.0,side,1.055626596746507,0.7127138339002772,-0.34291276284622985,-32.48428600634957,False
0.3,6.0,cy,0.06539816400502005,0.04415403736672777,-0.021244126638292275,-32.484286006349585,False
0.3,6.0,normal,-0.09897059989001997,-0.036453196700794104,0.06251740318922586,-63.16765105869588,False
0.3,6.0,cNormal,-0.00613142520587421,-0.0022583479269026635,0.0038730772789715468,-63.16765105869588,False
0.3,9.0,roll,0.07264697194251497,0.07507746529894593,0.00243049335643096,3.3456223865107493,False
0.3,9.0,cl,0.07785200102471196,0.0804566349993413,0.0026046339746293445,3.3456223865107493,False
0.3,9.0,yaw,0.40810725515572843,0.4268453899475809,0.01873813479185249,4.591473088294462,False
0.3,9.0,cn,0.4373474295902806,0.4574281191222659,0.020080689531985274,4.591473088294462,False
0.3,9.0,pitch,-0.02744708520723912,0.019586540962559428,0.047033626169798545,-171.3610965050435,False
0.3,9.0,cm,-0.029413621084856494,0.020989882527992266,0.05040350361284876,-171.3610965050435,False
0.3,9.0,axial,14.580868811576847,14.872202546224427,0.29133373464757994,1.9980547003911608,False
0.3,9.0,ca,0.9033137785786275,0.9213624819907987,0.01804870341217124,1.9980547003911608,False
0.3,9.0,side,1.5336918870658685,1.6083165308580334,0.07462464379216494,4.865686805902758,False
0.3,9.0,cy,0.0950152581155437,0.09963840299326616,0.00462314487772246,4.865686805902758,False
0.3,9.0,normal,0.08391682798962075,-0.11721161509503136,-0.2011284430846521,-239.67593616566236,False
0.3,9.0,cNormal,0.005198814141819256,-0.007261492322098891,-0.012460306463918148,-239.6759361656623,False
0.3,10.0,roll,0.07304413761656686,0.07504971962663128,0.0020055820100644134,2.745712490429253,False
0.3,10.0,cl,0.07827762292795847,0.08042690139790254,0.0021492784699440742,2.745712490429253,False
0.3,10.0,yaw,0.4142732221050898,0.4279429770632171,0.013669754958127278,3.2996955218746127,False
0.3,10.0,cn,0.44395517733838863,0.45860434644415393,0.014649169105765303,3.2996955218746127,False
0.3,10.0,pitch,-0.02712529381062391,0.026422965015742796,0.053548258826366706,-197.4107974653309,False
0.3,10.0,cm,-0.029068773894820075,0.028316124464338163,0.057384898359158235,-197.4107974653309,False
0.3,10.0,axial,14.347582673453095,14.78238513462234,0.4348024611692445,3.0304928088948913,False
0.3,10.0,ca,0.888861239046054,0.9157981149763986,0.02693687593034466,3.0304928088948913,False
0.3,10.0,side,1.5622166569860279,1.6138116826521767,0.05159502566614882,3.3026805491685574,False
0.3,10.0,cy,0.09678242425856579,0.09997883855956723,0.0031964143010014406,3.3026805491685574,False
0.3,10.0,normal,0.08321067452623514,-0.11577301122077911,-0.19898368574701425,-239.13240324025676,False
0.3,10.0,cNormal,0.005155066532433951,-0.0071723679552095285,-0.01232743448764348,-239.13240324025676,False
0.3,12.0,roll,0.09238875572155689,0.09307828144569193,0.00068952572413504,0.746330783167104,False
0.3,12.0,cl,0.0990082492467546,0.09974717828875794,0.0007389290420033445,0.746330783167104,False
0.3,12.0,yaw,0.5173091358040719,0.5177159587963042,0.0004068229922322697,0.07864214336750219,False
0.3,12.0,cn,0.5543734348980112,0.554809406049475,0.00043597115146387644,0.07864214336750219,False
0.3,12.0,pitch,-0.019067191966919576,0.01990875630319737,0.038975948270116946,-204.41367736653544,False
0.3,12.0,cm,-0.02043332308085205,0.021335184036902682,0.04176850711775473,-204.4136773665355,False
0.3,12.0,axial,14.720368927944111,14.86362195956238,0.14325303161826852,0.9731619657054047,False
0.3,12.0,ca,0.9119560878165942,0.9208308976071603,0.008874809790566096,0.9731619657054047,False
0.3,12.0,side,1.9491553705389222,1.9537570486683906,0.004601678129468434,0.2360857527840876,False
0.3,12.0,cy,0.12075404597292497,0.1210391290713774,0.0002850830984524322,0.2360857527840876,False
0.3,12.0,normal,0.04198037349326547,-0.12251598414014642,-0.1644963576334119,-391.84110084156475,False
0.3,12.0,cNormal,0.0026007675054476177,-0.007590108518228031,-0.010190876023675648,-391.84110084156475,False
0.3,15.0,roll,0.11983948533932137,0.113469005884493,-0.006370479454828368,-5.315843469112513,False
0.3,15.0,cl,0.12842577585780673,0.12159886263921242,-0.006826913218594313,-5.315843469112524,False
0.3,15.0,yaw,0.6610490440851896,0.6165643906810567,-0.04448465340413288,-6.729402878979151,False
0.3,15.0,cn,0.7084120573976316,0.6607401560120799,-0.04767190138555166,-6.729402878979151,False
0.3,15.0,pitch,-0.02076647177755726,0.004412135388325478,0.025178607165882737,-121.24643721661839,False
0.3,15.0,cm,-0.022254353331964502,0.004728257208640258,0.02698261054060476,-121.24643721661839,False
0.3,15.0,axial,14.847496851297404,14.940930188137534,0.09343333684013011,0.6292867934298618,False
0.3,15.0,ca,0.9198319151277856,0.9256202958914378,0.005788380763652179,0.6292867934298618,False
0.3,15.0,side,2.494268174211577,2.3455131849391755,-0.1487549892724016,-5.96387312360357,False
0.3,15.0,cy,0.1545248666832914,0.14530919968988235,-0.00921566699340906,-5.96387312360357,False
0.3,15.0,normal,0.025170754013127742,-0.09493651686005052,-0.12010727087317825,-477.16993623050234,False
0.3,15.0,cNormal,0.0015593781969438535,-0.00588150575100549,-0.007440883947949344,-477.16993623050234,False
0.5,-6.0,roll,-0.14155701108782434,-0.10785248504434287,0.03370452604348147,-23.809859917549836,False
0.5,-6.0,cl,-0.05454737515740642,-0.04155972154372757,0.012987653613678853,-23.809859917549847,False
0.5,-6.0,yaw,-0.8308259051843316,-0.6280607324612522,0.20276517272307948,-24.40525403190129,False
0.5,-6.0,cn,-0.3201492599505694,-0.24201601977838094,0.07813324017218848,-24.40525403190129,False
0.5,-6.0,pitch,-0.05089808331770866,0.039886814104646534,0.0907848974223552,-178.3660434827591,False
0.5,-6.0,cm,-0.019612994257144106,0.0153699276078246,0.03498292186496871,-178.3660434827591,False
0.5,-6.0,axial,40.281608563872254,41.325005706427795,1.0433971425555413,2.5902568932943293,False
0.5,-6.0,ca,0.897330123101888,0.9205732784711411,0.023243155369253143,2.5902568932943293,False
0.5,-6.0,side,-3.0844458619760475,-2.3524304254938495,0.732015436482198,-23.73247802810301,False
0.5,-6.0,cy,-0.06871041856829989,-0.0524037335785605,0.01630668498973939,-23.73247802810302,False
0.5,-6.0,normal,0.1823808154667465,-0.20952291595933384,-0.39190373142608037,-214.88210282596097,False
0.5,-6.0,cNormal,0.004062792063894337,-0.004667420956448074,-0.00873021302034241,-214.88210282596097,False
0.5,0.0,roll,-0.0008111019398387225,0.000988148834785332,0.0017992507746240544,,True
0.5,0.0,cl,-0.0003125488554984641,0.00038077185148355865,0.0006933207069820227,,True
0.5,0.0,yaw,0.0836378691960835,-0.09426339283604515,-0.17790126203212864,-212.7042017474773,True
0.5,0.0,cn,0.032228896282462276,-0.03632332028717151,-0.06855221656963378,-212.70420174747736,True
0.5,0.0,pitch,-0.051659181248405836,0.0016258023759183745,0.05328498362432421,-103.14717023504616,True
0.5,0.0,cm,-0.019906274639643194,0.0006264843503653924,0.020532758990008587,-103.14717023504616,True
0.5,0.0,axial,41.00916024351297,41.15002917588972,0.14086893237674758,0.3435060155835057,True
0.5,0.0,ca,0.9135373715592031,0.9166754273851124,0.003138055825909314,0.3435060155835057,True
0.5,0.0,side,0.25369326274437126,-0.26685749112423474,-0.520550753868606,-205.18903349559113,True
0.5,0.0,cy,0.005651378254360424,-0.00594463016494174,-0.011596008419302164,-205.18903349559113,True
0.5,0.0,normal,0.18568737368554689,-0.06424948526563658,-0.24993685895118345,-134.60089072854257,True
0.5,0.0,cNormal,0.004136450351120255,-0.0014312486660315346,-0.005567699017151789,-134.60089072854257,True
0.5,3.0,roll,0.0700273143247505,0.06532602573245935,-0.004701288592291145,-6.713506918870249,True
0.5,3.0,cl,0.026984224634185826,0.02517263684636627,-0.001811587787819556,-6.713506918870249,True
0.5,3.0,yaw,0.43647762198508977,0.4643799313687033,0.027902309383613544,6.39260937518733,True
0.5,3.0,cn,0.16819165939765424,0.17894349518459182,0.010751835786937586,6.39260937518733,True
0.5,3.0,pitch,-0.06345659120145214,0.09447520518336702,0.15793179638481916,-248.88162662794446,True
0.5,3.0,cm,-0.02445227163159217,0.036404939752597835,0.06085721138419001,-248.88162662794446,True
0.5,3.0,axial,41.005729128742516,40.88295096496554,-0.12277816377697803,-0.2994170970390564,True
0.5,3.0,ca,0.9134609385976329,0.9107258803726981,-0.0027350582249348054,-0.2994170970390675,True
0.5,3.0,side,1.6093849433732537,1.7208885789291866,0.1115036355559329,6.928338432334424,True
0.5,3.0,cy,0.03585133863424399,0.038335240707346674,0.0024839020731026867,6.928338432334424,True
0.5,3.0,normal,0.22303484577628743,-0.35291384593685804,-0.5759486917131454,-258.23260473425944,True
0.5,3.0,cNormal,0.004968418411074684,-0.007861657865939979,-0.012830076277014664,-258.23260473425944,True
0.5,6.0,roll,0.13764301688423153,0.10651220567559774,-0.031130811208633785,-22.617065444603856,False
0.5,6.0,cl,0.05303916225755342,0.04104326021849293,-0.011995902039060487,-22.617065444603856,False
0.5,6.0,yaw,0.7381791502618963,0.6426199669052913,-0.09555918335660496,-12.945256354463798,False
0.5,6.0,cn,0.2844488925930317,0.24762625424943036,-0.03682263834360133,-12.945256354463798,False
0.5,6.0,pitch,-0.07305241302790992,0.06217223928934573,0.13522465231725567,-185.10634585827114,False
0.5,6.0,cm,-0.028149911819732892,0.02395736131210022,0.05210727313183311,-185.10634585827114,False
0.5,6.0,axial,40.78561047644711,41.46607283576873,0.6804623593216164,1.668388314831204,False
0.5,6.0,ca,0.908557482544033,0.9237157494163223,0.015158266872289272,1.668388314831204,False
0.5,6.0,side,2.797356259301397,2.455731363850418,-0.34162489545097907,-12.212420006034385,False
0.5,6.0,cy,0.06231508934253591,0.054704908904889854,-0.007610180437646059,-12.212420006034385,False
0.5,6.0,normal,0.2536464330516687,-0.25176970425335976,-0.5054161373050284,-199.2601004572666,False
0.5,6.0,cNormal,0.005650335056349823,-0.005608528253104985,-0.011258863309454806,-199.2601004572666,False
0.5,9.0,roll,0.21038218183832336,0.2084784791046814,-0.0019037027336419599,-0.9048783109897318,False
0.5,9.0,cl,0.08106836751483078,0.08033479744011564,-0.0007335700747151397,-0.9048783109897207,False
0.5,9.0,yaw,1.193696908600998,1.2114256627561142,0.0177287541551161,1.4851972914878386,False
0.5,9.0,cn,0.4599774507622071,0.46680902340238223,0.006831572640175143,1.4851972914878386,False
0.5,9.0,pitch,-0.03176236469274811,0.03338282398982355,0.06514518868257166,-205.10182196052114,False
0.5,9.0,cm,-0.01223926395073986,0.012863689406784853,0.025102953357524715,-205.10182196052114,False
0.5,9.0,axial,40.797660844510986,41.76998158010786,0.9723207355968739,2.383275696375353,False
0.5,9.0,ca,0.9088259216318374,0.9304857489444484,0.021659827312610958,2.383275696375353,False
0.5,9.0,side,4.466288914371257,4.563282567100548,0.0969936527292905,2.1716833502909427,False
0.5,9.0,cy,0.09949293794925096,0.10165360951741013,0.0021606715681591754,2.1716833502909427,False
0.5,9.0,normal,0.09103422634291417,-0.24562758345389094,-0.3366618097968051,-369.818938789729,False
0.5,9.0,cNormal,0.0020279168693386382,-0.005471703776387409,-0.0074996206457260475,-369.818938789729,False
0.5,10.0,roll,0.2161645850738523,0.21568557715373146,-0.00047900792012084414,-0.22159407839965617,False
0.5,10.0,cl,0.08329655046512005,0.08311197024177816,-0.00018458022334189028,-0.22159407839965617,False
0.5,10.0,yaw,1.2170580085504792,1.228121376159062,0.01106336760858273,0.9090254968010303,False
0.5,10.0,cn,0.4689793834340083,0.47324252560416374,0.004263142170155443,0.9090254968010303,False
0.5,10.0,pitch,-0.08794024818235084,0.061188273134777704,0.14912852131712856,-169.57937281220669,False
0.5,10.0,cm,-0.03388676881614883,0.023578201208598788,0.05746497002474761,-169.57937281220669,False
0.5,10.0,axial,40.185981461077844,41.59028959863589,1.404308137558047,3.4945224341931036,False
0.5,10.0,ca,0.8951998933771658,0.9264828544821035,0.03128296110493778,3.4945224341931036,False
0.5,10.0,side,4.579534950279441,4.639025688426183,0.05949073814674222,1.2990563188760573,False
0.5,10.0,cy,0.10201565446840781,0.10334089527402242,0.001325240805614608,1.2990563188760573,False
0.5,10.0,normal,0.26134435251362875,-0.27917001356013804,-0.5405143660737668,-206.82075616903936,False
0.5,10.0,cNormal,0.005821817161079481,-0.006218909114244002,-0.012040726275323484,-206.82075616903938,False
0.5,12.0,roll,0.26827590051896205,0.2724583741542002,0.00418247363523816,1.559019512057347,False
0.5,12.0,cl,0.10337704984615595,0.10498871822424675,0.0016116683780908053,1.5590195120573247,False
0.5,12.0,yaw,1.5116766410167066,1.4899894512759413,-0.021687189740765334,-1.4346447614735358,False
0.5,12.0,cn,0.5825073037397488,0.5741503932214458,-0.008356910518303007,-1.4346447614735247,False
0.5,12.0,pitch,-0.0767036982952416,0.01998577488085321,0.0966894731760948,-126.05581650564697,False
0.5,12.0,cm,-0.029556892835744066,0.007701289762052188,0.03725818259779625,-126.05581650564697,False
0.5,12.0,axial,41.204495066067864,41.32270822293788,0.11821315687001288,0.2868938368992602,False
0.5,12.0,ca,0.9178887325554089,0.9205220987587033,0.0026333662032943517,0.2868938368992824,False
0.5,12.0,side,5.678640535469062,5.655799778184968,-0.022840757284093627,-0.4022222773466533,False
0.5,12.0,cy,0.12649979463119,0.12599098427638558,-0.0005088103548044065,-0.4022222773466533,False
0.5,12.0,normal,0.18441295674401798,-0.25614279404896495,-0.4405557507929829,-238.89631106805282,False
0.5,12.0,cNormal,0.004108060901150501,-0.005705945048127055,-0.009814005949277557,-238.89631106805282,False
0.5,15.0,roll,0.3445503624451098,0.3260945882206332,-0.018455774224476584,-5.356480862044299,False
0.5,15.0,cl,0.1327685413564818,0.12565681984790647,-0.007111721508575336,-5.356480862044311,False
0.5,15.0,yaw,1.9162852250383837,1.9065320997001658,-0.009753125338217927,-0.5089600029673291,False
0.5,15.0,cn,0.7384185938618933,0.7346603385646626,-0.003758255297230728,-0.508960002967318,False
0.5,15.0,pitch,0.019560291264739044,-0.022913280443614847,-0.04247357170835389,-217.14181621068275,False
0.5,15.0,cm,0.007537334517072411,-0.008829370547173317,-0.01636670506424573,-217.14181621068275,False
0.5,15.0,axial,41.573249404790424,41.71291186129197,0.13966245650154718,0.3359430847987843,False
0.5,15.0,ca,0.9261032599280086,0.9292144397878328,0.0031111798598242313,0.3359430847987843,False
0.5,15.0,side,7.207071292075849,7.169483844778649,-0.03758744729719954,-0.5215356664853177,False
0.5,15.0,cy,0.1605477636144534,0.15971044976545948,-0.0008373138489939091,-0.5215356664853177,False
0.5,15.0,normal,-0.1711549618851497,-0.1099843207454161,0.0611706411397336,-35.73991689518239,False
0.5,15.0,cNormal,-0.0038127202088857324,-0.002450057174784147,0.0013626630341015853,-35.73991689518239,False
0.6,-6.0,roll,-0.21203491831337323,-0.16964766932660827,0.042387248986764964,-19.990692723601068,True
0.6,-6.0,cl,-0.056750896803898984,-0.0454059994059436,0.011344897397955384,-19.990692723601068,True
0.6,-6.0,yaw,-1.2538105533717565,-1.015222062876039,0.2385884904957174,-19.029070209538713,True
0.6,-6.0,cn,-0.3355809217276088,-0.27172299252224497,0.06385792920536382,-19.029070209538713,True
0.6,-6.0,pitch,-0.019979286672976965,0.07213641846157759,0.09211570513455455,-461.0560258847774,True
0.6,-6.0,cm,-0.005347432607858899,0.01930722766080205,0.02465466026866095,-461.0560258847774,True
0.6,-6.0,axial,59.114198101596806,60.80190054213377,1.6877024405369667,2.854986610215682,True
0.6,-6.0,ca,0.9146608987017356,0.9407743448885487,0.026113446186813105,2.854986610215704,True
0.6,-6.0,side,-4.637995093313373,-3.7417530548565314,0.8962420384568417,-19.32391088013352,True
0.6,-6.0,cy,-0.07176267117644719,-0.05789531655310727,0.01386735462333992,-19.32391088013352,True
0.6,-6.0,normal,0.09063079441249501,-0.32586220929026855,-0.41649300370276354,-459.54910403537497,True
0.6,-6.0,cNormal,0.0014023102153041928,-0.0050419938149227645,-0.006444304030226958,-459.54910403537514,True
0.6,0.0,roll,-0.0016205410378317365,0.0007699102176133954,0.002390451255445132,,True
0.6,0.0,cl,-0.0004337359050859303,0.00020606556531160483,0.0006398014703975351,,True
0.6,0.0,yaw,0.08123845099976036,-0.05115330828141566,-0.13239175928117602,-162.96686809250778,True
0.6,0.0,cn,0.021743375977263387,-0.013691122870461458,-0.035434498847724843,-162.96686809250778,True
0.6,0.0,pitch,-0.09326101612518164,0.08524104376755991,0.17850205989274154,-191.4005093544587,True
0.6,0.0,cm,-0.024961201409877076,0.022814665229619977,0.04777586663949705,-191.4005093544587,True
0.6,0.0,axial,60.08122574690619,60.788009370211114,0.7067836233049221,1.1763801662141082,True
0.6,0.0,ca,0.9296235033472043,0.9405594098610455,0.010935906513841132,1.176380166214086,True
0.6,0.0,side,0.2421070520654072,-0.11414182724946842,-0.3562488793148756,-147.1451889879821,True
0.6,0.0,cy,0.00374606881148222,-0.0017660912207931472,-0.005512160032275367,-147.1451889879821,True
0.6,0.0,normal,0.3229063167185629,-0.3578099844989715,-0.6807163012175343,-210.80922421558876,True
0.6,0.0,cNormal,0.004996257943627421,-0.0055363146671432726,-0.010532572610770693,-210.80922421558876,True
0.6,3.0,roll,0.10390585131776447,0.09488739438092632,-0.009018456936838157,-8.67945050491713,True
0.6,3.0,cl,0.027810279044420058,0.025396499639480277,-0.002413779404939781,-8.67945050491713,True
0.6,3.0,yaw,0.6601093170352695,0.6018052767853517,-0.058304040249917866,-8.832482551795684,True
0.6,3.0,cn,0.17667748325770957,0.16107247537602062,-0.015605007881688948,-8.832482551795684,True
0.6,3.0,pitch,-0.0561457498286911,0.08530541781903571,0.1414511676477268,-251.9356640160921,True
0.6,3.0,cm,-0.01502734398584487,0.02283189486887568,0.03785923885472055,-251.9356640160921,True
0.6,3.0,axial,60.074136805988026,60.63396334564363,0.559826539655603,0.9318927735301186,True
0.6,3.0,ca,0.9295138177339459,0.9381758898303725,0.008662072096426554,0.9318927735301186,True
0.6,3.0,side,2.422622078982036,2.287878115093257,-0.1347439638887793,-5.561906046253718,True
0.6,3.0,cy,0.03748469503329895,0.03539983151382214,-0.002084863519476815,-5.561906046253695,True
0.6,3.0,normal,0.21126511947107984,-0.3354481777496837,-0.5467132972207636,-258.78067263990704,True
0.6,3.0,cNormal,0.003268858417188403,-0.005190315382457964,-0.008459173799646367,-258.78067263990704,True
0.6,6.0,roll,0.20546673396606785,0.16625922545202412,-0.039207508514043726,-19.0821685619039,True
0.6,6.0,cl,0.054992929979151686,0.04449908638340018,-0.010493843595751506,-19.0821685619039,True
0.6,6.0,yaw,1.0862041899483637,0.9734430470493989,-0.11276114289896477,-10.381210452182588,True
0.6,6.0,cn,0.29072127544868814,0.2605408880150904,-0.030180387433597744,-10.381210452182588,True
0.6,6.0,pitch,-0.10075670258166386,0.05868286402827476,0.15943956660993863,-158.24214421935054,True
0.6,6.0,cm,-0.026967413084585824,0.015706399620952487,0.042673812705538314,-158.24214421935054,True
0.6,6.0,axial,59.80572157025948,60.760451055813135,0.9547294855536563,1.5963848616591614,True
0.6,6.0,ca,0.9253606882215609,0.940133006164075,0.014772317942514102,1.5963848616591614,True
0.6,6.0,side,4.117064531397205,3.7252044496666086,-0.39186008173059683,-9.517948498067664,True
0.6,6.0,cy,0.06370242793159174,0.05763926364904417,-0.0060631642825475715,-9.517948498067664,True
0.6,6.0,normal,0.3476685163165669,-0.27738523034010604,-0.625053746656673,-179.78439729858513,True
0.6,6.0,cNormal,0.005379397975387917,-0.004291920252955541,-0.009671318228343459,-179.78439729858513,True
0.6,9.0,roll,0.3127963884491018,0.30435954799277576,-0.008436840456326034,-2.6972307762750503,False
0.6,9.0,cl,0.08371958591872966,0.08146147548155964,-0.002258110437170016,-2.6972307762750614,False
0.6,9.0,yaw,1.6729077104468466,1.7572445171074766,0.08433680666063004,5.041330501017471,False
0.6,9.0,cn,0.4477517834949359,0.47032443072511587,0.022572647230179987,5.041330501017494,False
0.6,9.0,pitch,-0.07419369787909942,-0.00522911127867593,0.0689645866004235,-92.95208160779787,False
0.6,9.0,cm,-0.019857856080164632,-0.0013995654909709522,0.01845829058919368,-92.95208160779787,False
0.6,9.0,axial,59.83237065728542,61.19787350819789,1.3655028509124634,2.282214185919429,False
0.6,9.0,ca,0.9257730236447166,0.9469011469197516,0.021128123275034993,2.282214185919429,False
0.6,9.0,side,6.314752131277444,6.627179936810984,0.3124278055335399,4.947586208270338,False
0.6,9.0,cy,0.09770676157268061,0.10254088783279813,0.004834126260117519,4.947586208270338,False
0.6,9.0,normal,0.21053439635630739,-0.1844172551198257,-0.3949516514761331,-187.59483405634052,False
0.6,9.0,cNormal,0.0032575521002235477,-0.0028534473564896523,-0.0061109994567132,-187.59483405634052,False
0.6,10.0,roll,0.3264913325508982,0.3203938496008312,-0.006097482950066957,-1.8675788121010561,False
0.6,10.0,cl,0.0873850216197851,0.08575303747106407,-0.0016319841487210385,-1.8675788121010561,False
0.6,10.0,yaw,1.8413758987372453,1.810737508127671,-0.030638390609574184,-1.6638857188575717,False
0.6,10.0,cn,0.4928420961871036,0.4846417669321281,-0.008200329254975491,-1.6638857188575717,False
0.6,10.0,pitch,-0.041929555357706164,0.05821679979017677,0.10014635514788293,-238.8443051530648,False
0.6,10.0,cm,-0.011222396235801848,0.015581658075122774,0.02680405431092462,-238.8443051530648,False
0.6,10.0,axial,59.00482555528942,60.9848844528097,1.98005889752028,3.3557575653959004,False
0.6,10.0,ca,0.9129686015089888,0.943605614423816,0.030637012914827122,3.3557575653959004,False
0.6,10.0,side,6.906594464191617,6.842086239764566,-0.06450822442705118,-0.9340091525788075,False
0.6,10.0,cy,0.10686420694955338,0.10586608547581379,-0.0009981214737395938,-0.9340091525788186,False
0.6,10.0,normal,0.10571787958700599,-0.3124341019307966,-0.41815198151780264,-395.53572503661775,False
0.6,10.0,cNormal,0.001635749343765196,-0.004834223682878188,-0.006469973026643384,-395.53572503661775,False
0.6,12.0,roll,0.4003901892714571,0.4000146244856255,-0.0003755647858315614,-0.09379969736894589,False
0.6,12.0,cl,0.10716396381022358,0.10706344433648103,-0.00010051947374255243,-0.09379969736894589,False
0.6,12.0,yaw,2.290339643611537,2.2590961286770455,-0.0312435149344914,-1.3641433060655128,False
0.6,12.0,cn,0.6130067150938658,0.6046444250241808,-0.00836229006968503,-1.3641433060655128,False
0.6,12.0,pitch,-0.0644641804520909,0.06384950685767812,0.12831368730976903,-199.0464881580716,False
0.6,12.0,cm,-0.01725376217033114,0.017089245504858873,0.03434300767519001,-199.0464881580716,False
0.6,12.0,axial,60.42013730958084,61.23676990534336,0.8166325957625205,1.3515901024492072,False
0.6,12.0,ca,0.9348674069177753,0.9475029822606995,0.012635575342924255,1.3515901024492072,False
0.6,12.0,side,8.564283908143715,8.521163935524495,-0.04311997261921974,-0.5034860250045847,False
0.6,12.0,cy,0.13251326868541155,0.13184608289630373,-0.0006671857891078214,-0.5034860250045847,False
0.6,12.0,normal,0.11873625896475051,-0.3865217146116671,-0.5052579735764177,-425.5296385297221,False
0.6,12.0,cNormal,0.0018371798454667205,-0.005980564910088723,-0.007817744755555443,-425.5296385297221,False
0.6,15.0,roll,0.5092336608183633,0.4805552106390761,-0.028678450179287218,-5.631687845064981,False
0.6,15.0,cl,0.13629579110862852,0.12862003760742874,-0.0076757535011997835,-5.631687845064981,False
0.6,15.0,yaw,2.8470901995606184,2.737217099056413,-0.10987310050420529,-3.859136620299619,False
0.6,15.0,cn,0.7620203473649564,0.732612941085661,-0.02940740627929539,-3.859136620299619,False
0.6,15.0,pitch,0.0511416454267479,-0.02470489048362503,-0.07584653591037294,-148.3067963055877,False
0.6,15.0,cm,0.013688001321110277,-0.006612234916494898,-0.020300236237605174,-148.3067963055877,False
0.6,15.0,axial,60.9283961243513,61.61409797487476,0.6857018505234578,1.1254224534714252,False
0.6,15.0,ca,0.9427315830247074,0.953341295936034,0.010609712911326619,1.1254224534714252,False
0.6,15.0,side,10.677682342854292,10.330723389949664,-0.3469589529046271,-3.2493844803017424,False
0.6,15.0,cy,0.1652134147363651,0.15984499567854513,-0.005368419057819984,-3.2493844803017313,False
0.6,15.0,normal,-0.3160815386603693,-0.17763748468996277,0.13844405397040654,-43.80010757893872,False
0.6,15.0,cNormal,-0.004890659663812836,-0.0027485454697430507,0.002142114194069785,-43.80010757893873,False
0.7,-6.0,roll,-0.3033570784031936,-0.2518623955000464,0.05149468290314718,-16.97494028298404,False
0.7,-6.0,cl,-0.059660497767584,-0.04953316389900559,0.010127333868578413,-16.97494028298404,False
0.7,-6.0,yaw,-1.725586028585269,-1.5246891376112823,0.20089689097398677,-11.642241397764053,False
0.7,-6.0,cn,-0.3393668014871737,-0.29985689923416625,0.039509902253007434,-11.642241397764042,False
0.7,-6.0,pitch,0.012963086660393813,0.02859906563925471,0.015635978978860897,120.61925827151639,False
0.7,-6.0,cm,0.0025494186812265963,0.005624508584757591,0.0030750899035309944,120.61925827151634,False
0.7,-6.0,axial,83.57113928243513,85.99117600460147,2.420036722166344,2.8957804607492976,False
0.7,-6.0,ca,0.950149691247141,0.9776639403541455,0.027514249107004507,2.8957804607492976,False
0.7,-6.0,side,-6.403087314610778,-5.56307878108388,0.8400085335268974,-13.118804917904804,False
0.7,-6.0,cy,-0.07279895293092671,-0.0632486003136411,0.00955035261728561,-13.118804917904791,False
0.7,-6.0,normal,0.0009347169435129753,-0.29447187808240594,-0.2954065950259189,,False
0.7,-6.0,cNormal,1.0627125858376193e-05,-0.0033479544067884946,-0.003358581532646871,,False
0.7,0.0,roll,-0.0023475231908302993,0.0019170689041297397,0.004264592094960039,,True
0.7,0.0,cl,-0.00046168166842553663,0.00037702527225398337,0.00083870694067952,,True
0.7,0.0,yaw,0.03445587390090028,-0.029459132005540026,-0.06391500590644031,,True
0.7,0.0,cn,0.006776352801013712,-0.005793655742278471,-0.012570008543292183,,True
0.7,0.0,pitch,-0.05563374262435844,0.03496982162158527,0.09060356424594371,-162.85721573273094,True
0.7,0.0,cm,-0.010941352663053395,0.006877429647494373,0.017818782310547766,-162.85721573273094,True
0.7,0.0,axial,84.84193732674652,85.9208043520297,1.0788670252831878,1.2716199786058757,True
0.7,0.0,ca,0.9645978414076799,0.976863860272221,0.01226601886454115,1.2716199786058757,True
0.7,0.0,side,0.09305250565177046,0.0035239070615143537,-0.08952859859025611,,True
0.7,0.0,cy,0.0010579466819998857,4.006453944783318e-05,-0.0010178821425520525,,True
0.7,0.0,normal,0.2153967746542515,-0.2658563193506497,-0.4812530940049012,-223.42632324805896,True
0.7,0.0,cNormal,0.0024489217293269814,-0.0030226140497310768,-0.005471535779058058,-223.42632324805896,True
0.7,3.0,roll,0.1486844601057884,0.136267771137239,-0.012416688968549389,-8.35103342993273,True
0.7,3.0,cl,0.029241410640255018,0.026799450662303416,-0.002441959977951602,-8.35103342993273,True
0.7,3.0,yaw,0.7181892599136528,0.8219955639682334,0.10380630405458058,14.453892566850858,True
0.7,3.0,cn,0.14124453255985145,0.16165986555260306,0.02041533299275161,14.453892566850858,True
0.7,3.0,pitch,0.0560837167457175,0.09759054598687983,0.04150682924116233,74.00869922611137,True
0.7,3.0,cm,0.011029847977565661,0.01919289499237956,0.008163047014813898,74.00869922611137,True
0.7,3.0,axial,84.83911777524949,85.73790875478691,0.8987909795374236,1.0594063247079566,True
0.7,3.0,ca,0.964565784934508,0.9747844558660731,0.010218670931565144,1.0594063247079566,True
0.7,3.0,side,2.7606289511776447,3.157372174654722,0.39674322347707713,14.371479488680738,True
0.7,3.0,cy,0.031386562013288946,0.03589727533523082,0.0045107133219418755,14.371479488680716,True
0.7,3.0,normal,-0.11556789581305589,-0.44821314800911255,-0.3326452521960567,287.8353454960778,True
0.7,3.0,cNormal,-0.0013139320759258317,-0.005095893006250737,-0.003781960930324905,287.8353454960778,True
0.7,6.0,roll,0.2945392483173653,0.24926234446427753,-0.04527690385308775,-15.37211224369731,False
0.7,6.0,cl,0.05792631660088881,0.04902181819436071,-0.0089044984065281,-15.37211224369731,False
0.7,6.0,yaw,1.5754955469620757,1.4514761158714746,-0.1240194310906011,-7.871772873604089,False
0.7,6.0,cn,0.3098488720195293,0.28545827256272777,-0.024390599456801554,-7.871772873604089,False
0.7,6.0,pitch,-0.05593240623598636,0.10097054979918955,0.1569029560351759,-280.5224494958812,False
0.7,6.0,cm,-0.011000090108141469,0.019857632109971098,0.030857722218112567,-280.5224494958811,False
0.7,6.0,axial,84.37700413852295,85.95363467018582,1.5766305316628717,1.8685547653179313,False
0.7,6.0,ca,0.9593118523804366,0.9772371197123509,0.017925267331914352,1.8685547653179313,False
0.7,6.0,side,5.933784906187625,5.54893738090883,-0.3848475252787944,-6.4857006339660845,False
0.7,6.0,cy,0.06746328870170257,0.06308782175868187,-0.004375466943020698,-6.485700633966096,False
0.7,6.0,normal,0.2267304132223912,-0.508618141744101,-0.7353485549664922,-324.3272680164072,False
0.7,6.0,cNormal,0.002577777854523877,-0.005782658636585367,-0.008360436491109244,-324.3272680164071,False
0.7,9.0,roll,0.44668482219560884,0.4255535039686291,-0.021131318226979723,-4.73069985299972,False
0.7,9.0,cl,0.08784841605704964,0.0836925711677762,-0.004155844889273438,-4.730699852999731,False
0.7,9.0,yaw,2.4351839384871057,2.4333178452290216,-0.0018660932580840672,-0.07663048481024726,False
0.7,9.0,cn,0.4789216941648819,0.4785546941487819,-0.0003670000161000164,-0.07663048481024726,False
0.7,9.0,pitch,0.03745974936111822,-0.028637382111806962,-0.06609713147292517,-176.4484082254204,False
0.7,9.0,cm,0.007367117671679561,-0.005632044192092677,-0.012999161863772238,-176.4484082254204,False
0.7,9.0,axial,84.49657476267465,86.49569162146378,1.9991168587891224,2.3659146709840373,False
0.7,9.0,ca,0.9606712928834076,0.9833999559416683,0.022728663058260712,2.3659146709840595,False
0.7,9.0,side,9.12188201764471,9.19005604219231,0.06817402454760035,0.7473679709486314,False
0.7,9.0,cy,0.10370988665556723,0.10448498113113808,0.0007750944755708505,0.7473679709486536,False
0.7,9.0,normal,-0.13893060116632736,-0.21308871505402874,-0.07415811388770138,53.37781112666422,False
0.7,9.0,cNormal,-0.0015795508944403038,-0.0024226805875241847,-0.0008431296930838808,53.37781112666422,False
0.7,10.0,roll,0.4735361284371257,0.45774099657282447,-0.01579513186430126,-3.3355705965734894,True
0.7,10.0,cl,0.09312919705781321,0.09002280694392781,-0.0031063901138854016,-3.3355705965734894,True
0.7,10.0,yaw,2.6616236968224154,2.6117696752020443,-0.049854021620371114,-1.873067995295108,True
0.7,10.0,cn,0.5234550499308563,0.5136503809208454,-0.00980466901001098,-1.873067995295119,True
0.7,10.0,pitch,-0.0614871127881092,0.0029820547847810436,0.06446916757289024,-104.84988585341046,True
0.7,10.0,cm,-0.01209252071697021,0.0005864734515730676,0.012678994168543277,-104.84988585341046,True
0.7,10.0,axial,83.57480273912175,86.29146564862798,2.7166629095062262,3.2505765140556475,True
0.7,10.0,ca,0.9501913423753843,0.9810780389892286,0.030886696613844355,3.2505765140556475,True
0.7,10.0,side,9.941949375508981,9.83521040345846,-0.10673897205052185,-1.0736221642152266,True
0.7,10.0,cy,0.11303352102943012,0.11181996809466528,-0.0012135529347648416,-1.0736221642152266,True
0.7,10.0,normal,0.14019156015650697,-0.2516336651933258,-0.3918252253498328,-279.49273473553416,True
0.7,10.0,cNormal,0.0015938871809320482,-0.002860911689654044,-0.004454798870586092,-279.49273473553416,True
0.7,12.0,roll,0.5750749904471059,0.5720332593854114,-0.003041731061694475,-0.5289277245963397,False
0.7,12.0,cl,0.11309859774612649,0.11250038790651755,-0.0005982098396089403,-0.5289277245963286,False
0.7,12.0,yaw,3.2910485272147714,3.2368903509278613,-0.05415817628691011,-1.6456207144640467,False
0.7,12.0,cn,0.6472424983271479,0.6365913417018617,-0.010651156625286151,-1.6456207144640467,False
0.7,12.0,pitch,-0.03889098660640488,0.011742495777424117,0.050633482383829,-130.19336047260438,False
0.7,12.0,cm,-0.0076485956148571975,0.0023093680450856453,0.009957963659942844,-130.19336047260438,False
0.7,12.0,axial,85.25295938323353,86.59633216120211,1.3433727779685825,1.5757491442963012,False
0.7,12.0,ca,0.9692708958068436,0.984544173653433,0.015273277846589495,1.5757491442963012,False
0.7,12.0,side,12.251445681836326,12.180150612716107,-0.07129506912021988,-0.5819318876458812,False
0.7,12.0,cy,0.1392909972495078,0.13848041851989296,-0.000810578729614847,-0.5819318876458923,False
0.7,12.0,normal,0.002671118503924147,-0.34540540838233963,-0.3480765268862638,,False
0.7,12.0,cNormal,3.0368886239671965e-05,-0.003927035636315066,-0.0039574045225547385,,False
0.7,15.0,roll,0.7215599588203593,0.6803162842166705,-0.04124367460368883,-5.715904007633121,False
0.7,15.0,cl,0.1419074397043206,0.13379614667113177,-0.008111293033188832,-5.7159040076331324,False
0.7,15.0,yaw,4.056743114410579,3.9042678210022874,-0.15247529340829136,-3.758564175943513,False
0.7,15.0,cn,0.7978297879018805,0.7678428433087944,-0.02998694459308615,-3.758564175943513,False
0.7,15.0,pitch,0.043135282982114706,-0.050099877207043175,-0.09323516018915788,-216.14593377726584,False
0.7,15.0,cm,0.00848331104586306,-0.00985302082944759,-0.018336331875310648,-216.14593377726584,False
0.7,15.0,axial,85.99865101716567,87.1251901347221,1.1265391175564332,1.309949754132278,False
0.7,15.0,ca,0.9777489264024503,0.9905569460598902,0.01280801965743994,1.309949754132278,False
0.7,15.0,side,15.138163350698603,14.694672854715893,-0.44349049598270973,-2.929618908903131,False
0.7,15.0,cy,0.17211110626486545,0.1670689067514076,-0.005042199513457857,-2.929618908903131,False
0.7,15.0,normal,-0.3519495286997465,-0.23750188545215162,0.11444764324759488,-32.518197614985844,False
0.7,15.0,cNormal,-0.004001438043084398,-0.0027002425127929915,0.001301195530291407,-32.518197614985844,False
0.8,-6.0,roll,-0.423210758251497,-0.3794187806928243,0.0437919775586727,-10.34755773685907,False
0.8,-6.0,cl,-0.0637310803182905,-0.05713646998603136,0.006594610332259138,-10.34755773685907,False
0.8,-6.0,yaw,-2.3757837823548305,-2.3093614793812725,0.066422302973558,-2.7958058922231355,False
0.8,-6.0,cn,-0.3577680011673288,-0.3477655023102037,0.01000249885712512,-2.7958058922231355,False
0.8,-6.0,pitch,0.0568389684250063,0.021841883690061365,-0.034997084734944936,-61.572343243914275,False
0.8,-6.0,cm,0.008559349665090988,0.003289157509854338,-0.00527019215523665,-61.572343243914275,False
0.8,-6.0,axial,119.11275036926148,124.59701482047913,5.484264451217655,4.604263132381625,False
0.8,-6.0,ca,1.036945194694689,1.0846888799970196,0.04774368530233053,4.604263132381625,False
0.8,-6.0,side,-8.746696420499001,-8.33403741228548,0.4126590082135202,-4.717884197357081,False
0.8,-6.0,cy,-0.07614503732448666,-0.07255260264148304,0.0035924346830036175,-4.717884197357092,False
0.8,-6.0,normal,-0.09712997844782435,-0.3326590029570136,-0.23552902450918928,242.48849662384018,False
0.8,-6.0,cNormal,-0.0008455724857333311,-0.0028959884942529215,-0.0020504160085195906,242.48849662384023,False
0.8,0.0,roll,-0.0011343459595806388,0.0037524337597394245,0.0048867797193200635,,True
0.8,0.0,cl,-0.0001708205475622648,0.0005650769803656619,0.0007358975279279267,,True
0.8,0.0,yaw,-0.007721038836492765,-0.09013867855832307,-0.0824176397218303,,True
0.8,0.0,cn,-0.0011627070830197168,-0.013573935092574497,-0.01241122800955478,,True
0.8,0.0,pitch,0.04102973264555007,-0.035997953731381746,-0.07702768637693182,-187.7362619989822,True
0.8,0.0,cm,0.006178645357398089,-0.005420912478754739,-0.011599557836152827,-187.7362619989822,True
0.8,0.0,axial,120.53742102395209,124.49539129398033,3.957970270028241,3.28360291468468,True
0.8,0.0,ca,1.049347774475814,1.0838041885836807,0.034456414107866706,3.28360291468468,True
0.8,0.0,side,-0.03436378631895988,-0.13644998061015798,-0.1020861942911981,,True
0.8,0.0,cy,-0.00029915658050455173,-0.001187875783837163,-0.0008887192033326113,,True
0.8,0.0,normal,-0.054264832331007984,-0.08017303182056881,-0.02590819948956083,47.743996206464615,True
0.8,0.0,cNormal,-0.00047240666471146163,-0.0006979524847903878,-0.00022554582007892616,47.74399620646459,True
0.8,3.0,roll,0.21087492357684634,0.19469222939416828,-0.016182694182678065,-7.674072340223437,False
0.8,3.0,cl,0.031755541251158224,0.02931859804351485,-0.002436943207643375,-7.674072340223437,False
0.8,3.0,yaw,1.1776737871797205,1.1138601340386372,-0.06381365314108334,-5.418618792042873,False
0.8,3.0,cn,0.1773452618019089,0.16773559811911304,-0.009609663682795866,-5.418618792042873,False
0.8,3.0,pitch,0.018371401877362338,0.11412197953207343,0.0957505776547111,521.193637229705,False
0.8,3.0,cm,0.002766539521450434,0.017185567478695228,0.014419027957244795,521.193637229705,False
0.8,3.0,axial,120.5168643233533,124.2758581939112,3.7589938705579016,3.1190604664856902,False
0.8,3.0,ca,1.0491688165402562,1.081893026323659,0.03272420978340285,3.1190604664856902,False
0.8,3.0,side,4.356315600479042,4.279071281973302,-0.07724431850574032,-1.7731570801997498,False
0.8,3.0,cy,0.037924239969997255,0.03725178362385731,-0.0006724563461399449,-1.7731570801997387,False
0.8,3.0,normal,0.03785543391896008,-0.5582244418909904,-0.5960798758099505,-1574.6216965469807,False
0.8,3.0,cNormal,0.00032955338680079697,-0.004859665743469946,-0.005189219130270743,-1574.6216965469807,False
0.8,6.0,roll,0.4170773799161676,0.3787309010530626,-0.038346478863104994,-9.194092201982428,False
0.8,6.0,cl,0.0628074581756817,0.057032882561287974,-0.005774575614393727,-9.194092201982428,False
0.8,6.0,yaw,2.321279165270319,2.199925032793946,-0.12135413247637272,-5.227899095119859,False
0.8,6.0,cn,0.34956018021428387,0.33128552671596195,-0.018274653498321913,-5.227899095119859,False
0.8,6.0,pitch,0.007618650412161096,0.04146649921763956,0.03384784880547847,444.27617720127455,False
0.8,6.0,cm,0.001147288465303796,0.006244417800426672,0.005097129335122876,444.2761772012746,False
0.8,6.0,axial,120.02266389221556,124.50500720745353,4.482343315237969,3.7345807615662308,False
0.8,6.0,ca,1.0448665167386342,1.0838879006568023,0.03902138391816812,3.7345807615662308,False
0.8,6.0,side,8.582068458143713,8.290788631689166,-0.29127982645454686,-3.3940515375188496,False
0.8,6.0,cy,0.07471185595685409,0.07217609706104162,-0.002535758895812465,-3.3940515375188385,False
0.8,6.0,normal,0.0755246045101018,-0.35668085617199813,-0.4322054606820999,-572.2710678005474,False
0.8,6.0,cNormal,0.0006574852438985997,-0.0031051125819909504,-0.0037625978258895502,-572.2710678005474,False
0.8,9.0,roll,0.6288214031956089,0.6024731913610507,-0.026348211834558155,-4.190094627927598,False
0.8,9.0,cl,0.09469387668331497,0.090726113643431,-0.00396776303988397,-4.190094627927598,False
0.8,9.0,yaw,3.4935908209461077,3.5279132444445476,0.034322423498439836,0.9824397090997916,False
0.8,9.0,cn,0.5260979615188486,0.5312665568015743,0.00516859528272573,0.9824397090997916,False
0.8,9.0,pitch,0.039837631162455284,-0.11817373194206196,-0.15801136310451724,-396.6384508661098,False
0.8,9.0,cm,0.005999127436633138,-0.017795718693512305,-0.023794846130145444,-396.63845086610985,False
0.8,9.0,axial,120.2864340219561,125.16624558221046,4.8798115602543675,4.056826191525187,False
0.8,9.0,ca,1.0471627878573055,1.0896443621030059,0.042481574245700315,4.056826191525165,False
0.8,9.0,side,12.904731125748503,13.123394968205986,0.21866384245748272,1.694447101041785,False
0.8,9.0,cy,0.11234312773559428,0.11424672260672973,0.00190359487113545,1.694447101041785,False
0.8,9.0,normal,-0.14252453956127745,0.0005043451434234373,0.14302888470470088,-100.35386547816671,False
0.8,9.0,cNormal,-0.001240758323235552,4.390615373410923e-06,0.0012451489386089629,-100.35386547816671,False
0.8,10.0,roll,0.6796773082874251,0.6610258760279453,-0.01865143225947985,-2.744159917075306,False
0.8,10.0,cl,0.10235224006107164,0.09954353091508703,-0.0028087091459846197,-2.744159917075306,False
0.8,10.0,yaw,3.9055684371870263,3.806098523299673,-0.09946991388735338,-2.5468741743262413,False
0.8,10.0,cn,0.5881374490273044,0.5731583282284868,-0.01497912079881758,-2.5468741743262413,False
0.8,10.0,pitch,0.018264914051758466,-0.07415068888813638,-0.09241560293989484,-505.9733797706947,False
0.8,10.0,cm,0.0027505035771031795,-0.011166312332679633,-0.013916815909782812,-505.9733797706947,False
0.8,10.0,axial,119.29535274451096,125.02234328816307,5.726990543652107,4.800682014761559,False
0.8,10.0,ca,1.03853485369398,1.0883916096322974,0.0498567559383174,4.800682014761581,False
0.8,10.0,side,14.365820777844313,14.153373924075174,-0.21244685376913885,-1.4788354738267673,False
0.8,10.0,cy,0.12506275589514912,0.12321328349642627,-0.0018494723987228512,-1.4788354738267784,False
0.8,10.0,normal,-0.11544630243964271,-0.0748458424010749,0.04060046003856781,-35.168263669418444,False
0.8,10.0,cNormal,-0.0010050266507064915,-0.0006515762282381075,0.000353450422468384,-35.168263669418444,False
0.8,12.0,roll,0.818505989043912,0.8142066228181046,-0.0042993662258073995,-0.5252699776613023,False
0.8,12.0,cl,0.1232583763803099,0.12261093713423135,-0.0006474392460785461,-0.5252699776613134,False
0.8,12.0,yaw,4.649210669578842,4.703371780877989,0.05416111129914647,1.1649528306716395,False
0.8,12.0,cn,0.7001221325841243,0.7082782251858216,0.008156092601697362,1.1649528306716395,False
0.8,12.0,pitch,-0.12453142929477426,-0.14431295943045278,-0.019781530135678516,15.884769208626292,False
0.8,12.0,cm,-0.018753120916223068,-0.021732010893179724,-0.0029788899769566564,15.88476920862627,False
0.8,12.0,axial,121.28864410978044,125.53706737542133,4.248423265640895,3.5027378670303033,False
0.8,12.0,ca,1.0558876047339392,1.0928725796982341,0.03698497496429498,3.5027378670303033,False
0.8,12.0,side,17.137245826347304,17.4329811183884,0.2957352920410976,1.7256874006348566,False
0.8,12.0,cy,0.14918960946533832,0.151764155758938,0.0025745462935996832,1.7256874006348566,False
0.8,12.0,normal,0.23185829812022635,0.06009692502058203,-0.17176137309964432,-74.08032168448861,False
0.8,12.0,cNormal,0.0020184602180750404,0.0005231783954516199,-0.0014952818226234206,-74.08032168448861,False
0.8,15.0,roll,1.0151516084031935,0.9865628113157278,-0.028588797087465756,-2.8162096036507434,False
0.8,15.0,cl,0.15287113436738078,0.14856596280011677,-0.00430517156726401,-2.8162096036507434,False
0.8,15.0,yaw,5.772757426642315,5.702655466393434,-0.0701019602488806,-1.2143583225123433,False
0.8,15.0,cn,0.8693164340513263,0.8587598175854565,-0.010556616465869806,-1.2143583225123433,False
0.8,15.0,pitch,-0.09957753247165234,-0.22297829395067728,-0.12340076147902494,123.92430141222329,False
0.8,15.0,cm,-0.014995327023508167,-0.033578181281869,-0.018582854258360832,123.92430141222329,False
0.8,15.0,axial,122.30064060279443,126.22342304047886,3.9227824376844325,3.207491324943068,False
0.8,15.0,ca,1.064697617912424,1.0988477016438403,0.03415008373141637,3.207491324943046,False
0.8,15.0,side,21.26166869021956,21.14840231236498,-0.1132663778545826,-0.5327257211315994,False
0.8,15.0,cy,0.18509508941037137,0.18410904026053082,-0.0009860491498405455,-0.5327257211315772,False
0.8,15.0,normal,0.023696488868702594,0.23453744295662055,0.21084095408791795,889.7560953276437,False
0.8,15.0,cNormal,0.00020629160343759844,0.002041783719172762,0.0018354921157351634,889.7560953276437,False
0.85,-6.0,roll,-0.4977664772035928,-0.47011658484821506,0.027649892355377736,-5.554791980109297,False
0.85,-6.0,cl,-0.06642504553910598,-0.06273527243671578,0.003689773102390201,-5.554791980109286,False
0.85,-6.0,yaw,-2.711124482027884,-2.8399901402609466,-0.1288656582330625,4.753218049828267,False
0.85,-6.0,cn,-0.3617892634968056,-0.37898589607167654,-0.017196632574870918,4.753218049828267,False
0.85,-6.0,pitch,0.02248054483436103,-0.0680864098696389,-0.09056695470399993,-402.8681483091562,False
0.85,-6.0,cm,0.002999943312284524,-0.009085872760240503,-0.012085816072525027,-402.86814830915614,False
0.85,-6.0,axial,146.80654827345307,158.37946232595866,11.572914052505581,7.883104799214391,False
0.85,-6.0,ca,1.1325427720923955,1.221822305712367,0.08927953361997143,7.883104799214391,False
0.85,-6.0,side,-9.901194724291416,-10.195644752285867,-0.29445002799445064,2.9738838210307206,False
0.85,-6.0,cy,-0.07638301323717817,-0.07865455530985437,-0.0022715420726762,2.9738838210307206,False
0.85,-6.0,normal,0.06139714827026747,0.11727523511959649,0.055878086849329024,91.0108831168448,False
0.85,-6.0,cNormal,0.0004736498291006443,0.0009047227214465668,0.00043107289234592253,91.0108831168448,False
0.85,0.0,roll,0.00283367976943014,0.00828678830706786,0.005453108537637721,,True
0.85,0.0,cl,0.0003781438010552346,0.001105840420918447,0.0007276966198632125,,True
0.85,0.0,yaw,0.05189988412835522,-0.06358012644915932,-0.11548001057751454,,True
0.85,0.0,cn,0.006925842387112517,-0.008484526355598945,-0.015410368742711462,,True
0.85,0.0,pitch,0.031090568751522437,-0.0680715967819616,-0.09916216553348405,-318.9461290528122,True
0.85,0.0,cm,0.0041489182975090015,-0.009083896009959794,-0.013232814307468796,-318.9461290528121,True
0.85,0.0,axial,148.178081247505,158.61912259409652,10.441041346591533,7.046279219361495,True
0.85,0.0,ca,1.1431234973714584,1.2236711708183816,0.08054767344692326,7.046279219361473,True
0.85,0.0,side,0.14611147360113771,-0.10080154456659655,-0.24691301816773426,,True
0.85,0.0,cy,0.001127180601225678,-0.0007776360254857396,-0.0019048166267114175,,True
0.85,0.0,normal,0.01390377796499002,0.10429184070891573,0.0903880627439257,650.0971388605643,True
0.85,0.0,cNormal,0.00010726104131061034,0.000804562001982936,0.0006973009606723257,650.0971388605643,True
0.85,3.0,roll,0.25241978709381235,0.23659113679925448,-0.015828650294557878,-6.270764458205935,False
0.85,3.0,cl,0.03368446173168067,0.031572188477472465,-0.002112273254208208,-6.2707644582059245,False
0.85,3.0,yaw,1.508290600142555,1.265676702309901,-0.24261389783265397,-16.08535502440468,False
0.85,3.0,cn,0.20127565111158827,0.16889974805260718,-0.03237590305898108,-16.08535502440467,False
0.85,3.0,pitch,-0.05806947137784077,0.0004343986912555757,0.058503870069096346,-100.74806723903006,False
0.85,3.0,cm,-0.007749150369415523,5.796885521677591e-05,0.007807119224632299,-100.74806723903006,False
0.85,3.0,axial,148.21848874650695,158.07526649526866,9.856777748761715,6.650167487282532,False
0.85,3.0,ca,1.1434352220286428,1.2194755794021284,0.07604035737348558,6.650167487282532,False
0.85,3.0,side,5.425671933772454,4.790149703038509,-0.6355222307339456,-11.713244709435811,False
0.85,3.0,cy,0.04185648123061091,0.036953729157310385,-0.004902752073300529,-11.713244709435822,False
0.85,3.0,normal,0.2798332624860359,-0.02029632946421466,-0.3001295919502506,-107.25300819634602,False
0.85,3.0,cNormal,0.0021587806712086766,-0.000156576539023899,-0.002315357210232576,-107.25300819634602,False
0.85,6.0,roll,0.49877575091816373,0.4679417287822498,-0.030834022135913908,-6.181940898119764,False
0.85,6.0,cl,0.06655972928243162,0.06244504615624319,-0.004114683126188429,-6.181940898119754,False
0.85,6.0,yaw,2.7492929687865875,2.749526826271481,0.0002338574848934627,0.008506095477955888,False
0.85,6.0,cn,0.36688270306579585,0.36691391045881067,3.120739301482045e-05,0.008506095477933684,False
0.85,6.0,pitch,-0.02027754510014481,-0.08789100391025358,-0.06761345881010877,333.44006129038723,False
0.85,6.0,cm,-0.002705961366191963,-0.011728720604116642,-0.009022759237924678,333.44006129038723,False
0.85,6.0,axial,147.6504098982036,158.27448412844427,10.624074230240666,7.195424812951989,False
0.85,6.0,ca,1.1390527636084222,1.221012448793718,0.08195968518529573,7.195424812951989,False
0.85,6.0,side,10.03910572790419,10.099407007863398,0.06030127995920864,0.6006638598455849,False
0.85,6.0,cy,0.07744693110848948,0.0779121268342177,0.0004651957257282152,0.6006638598456071,False
0.85,6.0,normal,0.22629880473902195,0.22004919348620472,-0.006249611252817228,-2.761663394565672,False
0.85,6.0,cNormal,0.0017457877639281906,0.0016975749823049792,-4.821278162321142e-05,-2.761663394565672,False
0.85,9.0,roll,0.7502628238003992,0.7258324570472797,-0.024430366753119492,-3.256241143519456,False
0.85,9.0,cl,0.10011972384563798,0.09685958420499827,-0.003260139640639717,-3.256241143519445,False
0.85,9.0,yaw,4.165548146821358,4.152070010264499,-0.013478136556859255,-0.32356213592547034,False
0.85,9.0,cn,0.5558765767080268,0.554077970583321,-0.0017986061247058371,-0.32356213592545924,False
0.85,9.0,pitch,-0.06037108934022111,-0.2197314367433557,-0.1593603474031346,263.96798392200577,False
0.85,9.0,cm,-0.008056292543439843,-0.029322325549216877,-0.021266033005777035,263.96798392200577,False
0.85,9.0,axial,148.07043688822355,159.0068194337336,10.936382545510043,7.385932516539939,False
0.85,9.0,ca,1.142293072281471,1.2266620677412912,0.08436899545982013,7.385932516539939,False
0.85,9.0,side,15.172134535928143,15.181032854920533,0.00889831899239013,0.05864909101167548,False
0.85,9.0,cy,0.11704580965879187,0.117114455962224,6.864630343213218e-05,0.05864909101167548,False
0.85,9.0,normal,0.20405154321039723,0.48758137679414937,0.28352983358375217,138.95010501900737,False
0.85,9.0,cNormal,0.001574160710915806,0.0037614586719012712,0.002187297960985465,138.95010501900737,False
0.85,10.0,roll,0.8187391983253494,0.8080155074130534,-0.010723690912295969,-1.3097810553385325,False
0.85,10.0,cl,0.10925763590778811,0.10782660009115716,-0.0014310358166309545,-1.3097810553385325,False
0.85,10.0,yaw,4.60276057347026,4.585578026409731,-0.017182547060528464,-0.373309599451388,False
0.85,10.0,cn,0.6142209142246288,0.6119279685899901,-0.0022929456346386656,-0.3733095994513991,False
0.85,10.0,pitch,-0.09333637640567229,-0.27719038488988235,-0.18385400848421007,196.98001525698484,False
0.85,10.0,cm,-0.012455384878532292,-0.036990003912581386,-0.024534619034049094,196.98001525698484,False
0.85,10.0,axial,147.25017246107782,158.8729563437232,11.622783882645365,7.893222594165428,False
0.85,10.0,ca,1.1359651219339293,1.225629377600257,0.08966425566632763,7.8932225941654055,False
0.85,10.0,side,16.745215909381237,16.711190470852046,-0.034025438529191376,-0.20319498245543466,False
0.85,10.0,cy,0.1291813850835268,0.12891889499077064,-0.00026249009275616797,-0.20319498245544576,False
0.85,10.0,normal,0.25021911062354096,0.7616270629517462,0.5114079523282052,204.38405006467607,False
0.85,10.0,cNormal,0.0019303215592823997,0.005875590941415376,0.003945269382132977,204.38405006467613,False
0.85,12.0,roll,0.982052825752495,0.987670072874215,0.00561724712172007,0.5719903221515388,False
0.85,12.0,cl,0.13105121911561776,0.1318008194060207,0.0007496002904029408,0.5719903221515388,False
0.85,12.0,yaw,5.399003360789221,5.636380985496984,0.23737762470776325,4.396693405152163,False
0.85,12.0,cn,0.7204764895397454,0.7521536318410112,0.03167714230126584,4.396693405152163,False
0.85,12.0,pitch,-0.23188939764850236,-0.3499350996374395,-0.11804570198893716,50.90603675113714,False
0.85,12.0,cm,-0.030944759248095158,-0.04669750976348139,-0.01575275051538623,50.90603675113714,False
0.85,12.0,axial,149.2642150738523,159.56811085313288,10.303895779280566,6.903125289730316,False
0.85,12.0,ca,1.151502503819205,1.2309921643722266,0.07948966055302153,6.903125289730339,False
0.85,12.0,side,19.74674312055888,20.533282474771728,0.7865393542128487,3.983134582806014,False
0.85,12.0,cy,0.1523367414912395,0.15840451892389684,0.006067777432657351,3.983134582806014,False
0.85,12.0,normal,0.578533530955489,0.8560095837196567,0.27747605276416776,47.96196554172003,False
0.85,12.0,cNormal,0.004463111329858936,0.00660370724797448,0.002140595918115544,47.961965541720005,False
0.85,15.0,roll,1.216171361457086,1.2069131202357506,-0.00925824122133534,-0.7612612428435361,False
0.85,15.0,cl,0.16229344836956885,0.16105797124745705,-0.0012354771221118055,-0.7612612428435361,False
0.85,15.0,yaw,6.856668079260479,6.811608758460364,-0.045059320800114655,-0.6571605957769289,False
0.85,15.0,cn,0.9149963090526183,0.9089833138567112,-0.006012995195907145,-0.6571605957769289,False
0.85,15.0,pitch,-0.3300319778718922,-0.4851849470309701,-0.1551529691590779,47.0114957221822,False
0.85,15.0,cm,-0.04404151376898594,-0.06474608813047705,-0.02070457436149111,47.0114957221822,False
0.85,15.0,axial,150.46016760878243,160.5059570215546,10.045789412772166,6.676710236620642,False
0.85,15.0,ca,1.160728709428765,1.2382272019905902,0.07749849256182517,6.676710236620664,False
0.85,15.0,side,24.91246324251497,24.83212022585799,-0.08034301665697896,-0.3225012953350537,False
0.85,15.0,cy,0.1921878179968748,0.1915680097943587,-0.0006198082025160867,-0.3225012953350537,False
0.85,15.0,normal,0.7089874596367266,1.2074377339513447,0.4984502743146181,70.30452619994374,False
0.85,15.0,cNormal,0.005469501410932104,0.00931480846338716,0.003845307052455055,70.30452619994377,False
