id,solver,role,mach,angle,velocity,q,method,roll,cl,yaw,cn,pitch,cm,axial,ca,side,cy,normal,cNormal,flags,rawStdPct,blockStdPct,driftPct,meanWindow,mesh,run,note,source,sha256,rawFile,verificationStatus,verificationNote,qualified
openfoam_dm06_M0.30,OpenFOAM,primary,0.3,-6.0,101.7,6149.62382175,steady,-0.04847780012934132,-0.05195115012270126,-0.28904344380760677,-0.30975290341491774,-0.01487637612918757,-0.015942242583351602,14.394647520958083,0.8917769998136292,-1.0726989706207586,-0.06645583147003507,0.0569910480822016,0.003530708605471801,[],3.1896083758467024,,0.07971641808126646,501,mesh_sealedcad_fine,,,/Users/trasomi/dev/cfd/runs_v4/dm06/M0.30_sealedcad_fine_opensides/result.json,9b8635b9b194a979dd61c3d8440de195435e8743df8c8241e15fd89c562d0c81,openfoam_dm06_M0.30.json,FINE_MESH_ADOPTED,Inside the grid-checked envelope (M0.30–0.85). Local grid check passed at all three corners.,True
openfoam_d00_M0.30,OpenFOAM,primary,0.3,0.0,101.7,6149.62382175,steady,-0.0002522147471470359,-0.0002702854947467856,0.032413177351303044,0.034735525086504467,0.035255210510372316,0.03778118497425872,14.643893699600799,0.9072182955509089,0.09902224331956887,0.006134624618891873,-0.09861633955750158,-0.006109478074759937,"['mroll_drift(15.9%)', 'mroll_noisy(std=90.8%)']",90.81678943059465,,15.86594043126888,501,mesh_sealedcad_fine,,,/Users/trasomi/dev/cfd/runs_v4/d00/M0.30_sealedcad_fine_opensides/result.json,fa5145285df839cc9e78a137ef818a86f9aa43acfafb556cbe9a5dd636770998,openfoam_d00_M0.30.json,FINE_MESH_ADOPTED,Inside the grid-checked envelope (M0.30–0.85). Local grid check passed at all three corners.,True
openfoam_d03_M0.30,OpenFOAM,primary,0.3,3.0,101.7,6149.62382175,steady,0.02424709983772455,0.02598436233387039,0.09472793348002395,0.10151502501978012,-0.029777038732986028,-0.0319105117249442,14.64553870738523,0.907320207049925,0.3845622781077844,0.023824396819244156,0.10253528631936128,0.006352264609173665,[],4.4690805736642645,,0.6566176165655049,501,mesh_sealedcad_fine,,,/Users/trasomi/dev/cfd/runs_v4/d03/M0.30_sealedcad_fine_opensides/result.json,38931ee8b3915635aa4c710e13bcfd5081e02ac0d4bef53fc74c6e2b17e696ed,openfoam_d03_M0.30.json,GRID_PASS,Grid-check point: refinement changes roll by +1.52 %.,True
openfoam_d06_M0.30,OpenFOAM,primary,0.3,6.0,101.7,6149.62382175,steady,0.04740432925748503,0.05080076693148052,0.2831448129342714,0.30343164590732774,0.03549898939641098,0.03804243019313313,14.583886891017965,0.9035007545935164,1.055626596746507,0.06539816400502005,-0.09897059989001997,-0.00613142520587421,[],4.98473035366975,,0.017015505881120444,501,mesh_sealedcad_fine,,,/Users/trasomi/dev/cfd/runs_v4/d06/M0.30_sealedcad_fine_opensides/result.json,e6a24c3199d2f2e87af820cecac362570f23534097601c9cb1b7af1305c570ea,openfoam_d06_M0.30.json,FINE_MESH_ADOPTED,Inside the grid-checked envelope (M0.30–0.85). Local grid check passed at all three corners.,True
openfoam_d09_M0.30,OpenFOAM,primary,0.3,9.0,101.7,6149.62382175,steady,0.07264697194251497,0.07785200102471196,0.40810725515572843,0.4373474295902806,-0.02744708520723912,-0.029413621084856494,14.580868811576847,0.9033137785786275,1.5336918870658685,0.0950152581155437,0.08391682798962075,0.005198814141819256,[],3.1741823358830716,,0.1878507108961468,501,mesh_sealedcad_fine,,,/Users/trasomi/dev/cfd/runs_v4/d09/M0.30_sealedcad_fine_opensides/result.json,10fa3241853aac36f31fb5b030e3d07a851cccdf2415913a52ad04b22b2b49c4,openfoam_d09_M0.30.json,FINE_MESH_ADOPTED,Inside the grid-checked envelope (M0.30–0.85). Local grid check passed at all three corners.,True
openfoam_d10_M0.30,OpenFOAM,primary,0.3,10.0,101.7,6149.62382175,steady,0.07304413761656686,0.07827762292795847,0.4142732221050898,0.44395517733838863,-0.02712529381062391,-0.029068773894820075,14.347582673453095,0.888861239046054,1.5622166569860279,0.09678242425856579,0.08321067452623514,0.005155066532433951,[],1.5000245520841555,,0.04406064764320005,501,mesh_sealedcad_fine,,,/Users/trasomi/dev/cfd/runs_v4/d10/M0.30_sealedcad_fine_opensides/result.json,4c58cea1d9de0c2bf1db873fa97ba8446107f5a8838de393613ee6934b92f954,openfoam_d10_M0.30.json,FINE_MESH_ADOPTED,Inside the grid-checked envelope (M0.30–0.85). Local grid check passed at all three corners.,True
openfoam_d12_M0.30,OpenFOAM,primary,0.3,12.0,101.7,6149.62382175,steady,0.09238875572155689,0.0990082492467546,0.5173091358040719,0.5543734348980112,-0.019067191966919576,-0.02043332308085205,14.720368927944111,0.9119560878165942,1.9491553705389222,0.12075404597292497,0.04198037349326547,0.0026007675054476177,[],0.9480311608997986,,0.01855869830288506,501,mesh_sealedcad_fine,,,/Users/trasomi/dev/cfd/runs_v4/d12/M0.30_sealedcad_fine_opensides/result.json,d8614604ab544b65a902c08bba13f944d744fb85012ed0f9a291eab0ebf6a6cb,openfoam_d12_M0.30.json,FINE_MESH_ADOPTED,Inside the grid-checked envelope (M0.30–0.85). Local grid check passed at all three corners.,True
openfoam_d15_M0.30,OpenFOAM,primary,0.3,15.0,101.7,6149.62382175,steady,0.11983948533932137,0.12842577585780673,0.6610490440851896,0.7084120573976316,-0.02076647177755726,-0.022254353331964502,14.847496851297404,0.9198319151277856,2.494268174211577,0.1545248666832914,0.025170754013127742,0.0015593781969438535,[],0.2620169723416349,,0.0284611837250087,501,mesh_sealedcad_fine,,,/Users/trasomi/dev/cfd/runs_v4/d15/M0.30_sealedcad_fine_opensides/result.json,68dfc3652e94310357108b712ab93bde5ffa6c52f2d3a8bcb11c92d7471b320e,openfoam_d15_M0.30.json,FINE_MESH_ADOPTED,Inside the grid-checked envelope (M0.30–0.85). Local grid check passed at all three corners.,True
openfoam_dm06_M0.50,OpenFOAM,primary,0.5,-6.0,169.6,17102.450431999998,steady,-0.14155701108782434,-0.05454737515740642,-0.8308259051843316,-0.3201492599505694,-0.05089808331770866,-0.019612994257144106,40.281608563872254,0.897330123101888,-3.0844458619760475,-0.06871041856829989,0.1823808154667465,0.004062792063894337,[],4.801452986988542,,0.09282902254846308,501,mesh_sealedcad_fine,,,/Users/trasomi/dev/cfd/runs_v4/dm06/M0.50_sealedcad_fine_opensides/result.json,8b8ebf1db1e953c12fc8f430d476549f7b5f85a0b8e81cd3fff92715c800a2df,openfoam_dm06_M0.50.json,FINE_MESH_ADOPTED,Inside the grid-checked envelope (M0.30–0.85). Local grid check passed at all three corners.,True
openfoam_d00_M0.50,OpenFOAM,primary,0.5,0.0,169.6,17102.450431999998,steady,-0.0008111019398387225,-0.0003125488554984641,0.0836378691960835,0.032228896282462276,-0.051659181248405836,-0.019906274639643194,41.00916024351297,0.9135373715592031,0.25369326274437126,0.005651378254360424,0.18568737368554689,0.004136450351120255,"['mroll_drift(9.4%)', 'mroll_noisy(std=1299.8%)']",1299.8473859283727,,9.374237701470408,501,mesh_sealedcad_fine,,,/Users/trasomi/dev/cfd/runs_v4/d00/M0.50_sealedcad_fine_opensides/result.json,5f367b61f4ba1ec398d379d96ee113507b956eb3e77450beeb0c49150b5899a1,openfoam_d00_M0.50.json,FINE_MESH_ADOPTED,Inside the grid-checked envelope (M0.30–0.85). Local grid check passed at all three corners.,True
openfoam_d03_M0.50,OpenFOAM,primary,0.5,3.0,169.6,17102.450431999998,steady,0.0700273143247505,0.026984224634185826,0.43647762198508977,0.16819165939765424,-0.06345659120145214,-0.02445227163159217,41.005729128742516,0.9134609385976329,1.6093849433732537,0.03585133863424399,0.22303484577628743,0.004968418411074684,['mroll_noisy(std=9.7%)'],9.70924794506685,,0.36349260798865185,501,mesh_sealedcad_fine,,,/Users/trasomi/dev/cfd/runs_v4/d03/M0.50_sealedcad_fine_opensides/result.json,c561f42530c59ee34a579f6bceb6c0d73e04ef0f6e1a0c32ba904ca424aef191,openfoam_d03_M0.50.json,FINE_MESH_ADOPTED,Inside the grid-checked envelope (M0.30–0.85). Local grid check passed at all three corners.,True
openfoam_d06_M0.50,OpenFOAM,primary,0.5,6.0,169.6,17102.450431999998,steady,0.13764301688423153,0.05303916225755342,0.7381791502618963,0.2844488925930317,-0.07305241302790992,-0.028149911819732892,40.78561047644711,0.908557482544033,2.797356259301397,0.06231508934253591,0.2536464330516687,0.005650335056349823,[],3.901960265045829,,0.38889459982841007,501,mesh_sealedcad_fine,,,/Users/trasomi/dev/cfd/runs_v4/d06/M0.50_sealedcad_fine_opensides/result.json,74c5c8cdbd22cd00f0fcd90195fc21f373c0745e1d9db70aa3adcc7c37472112,openfoam_d06_M0.50.json,FINE_MESH_ADOPTED,Inside the grid-checked envelope (M0.30–0.85). Local grid check passed at all three corners.,True
openfoam_d09_M0.50,OpenFOAM,primary,0.5,9.0,169.6,17102.450431999998,steady,0.21038218183832336,0.08106836751483078,1.193696908600998,0.4599774507622071,-0.03176236469274811,-0.01223926395073986,40.797660844510986,0.9088259216318374,4.466288914371257,0.09949293794925096,0.09103422634291417,0.0020279168693386382,[],3.6392842350886627,,0.5105836266601864,501,mesh_sealedcad_fine,,,/Users/trasomi/dev/cfd/runs_v4/d09/M0.50_sealedcad_fine_opensides/result.json,710379e6720a223b791fb86fb21b62ed0471fa78c444a825c675a86324f93ffb,openfoam_d09_M0.50.json,FINE_MESH_ADOPTED,Inside the grid-checked envelope (M0.30–0.85). Local grid check passed at all three corners.,True
openfoam_d10_M0.50,OpenFOAM,primary,0.5,10.0,169.6,17102.450431999998,steady,0.2161645850738523,0.08329655046512005,1.2170580085504792,0.4689793834340083,-0.08794024818235084,-0.03388676881614883,40.185981461077844,0.8951998933771658,4.579534950279441,0.10201565446840781,0.26134435251362875,0.005821817161079481,[],1.8083866619379958,,0.12610968160360955,501,mesh_sealedcad_fine,,,/Users/trasomi/dev/cfd/runs_v4/d10/M0.50_sealedcad_fine_opensides/result.json,62f11e973da37051a74830aedcd037687ae83377be325cf4b85551ca996755b9,openfoam_d10_M0.50.json,FINE_MESH_ADOPTED,Inside the grid-checked envelope (M0.30–0.85). Local grid check passed at all three corners.,True
openfoam_d12_M0.50,OpenFOAM,primary,0.5,12.0,169.6,17102.450431999998,steady,0.26827590051896205,0.10337704984615595,1.5116766410167066,0.5825073037397488,-0.0767036982952416,-0.029556892835744066,41.204495066067864,0.9178887325554089,5.678640535469062,0.12649979463119,0.18441295674401798,0.004108060901150501,[],1.7337703254579389,,0.11490791780482093,501,mesh_sealedcad_fine,,,/Users/trasomi/dev/cfd/runs_v4/d12/M0.50_sealedcad_fine_opensides/result.json,6a0886e58b86199d349f88da5fa2a2f15e49310e66cb6533519d34893c0a7dcd,openfoam_d12_M0.50.json,FINE_MESH_ADOPTED,Inside the grid-checked envelope (M0.30–0.85). Local grid check passed at all three corners.,True
openfoam_d15_M0.50,OpenFOAM,primary,0.5,15.0,169.6,17102.450431999998,steady,0.3445503624451098,0.1327685413564818,1.9162852250383837,0.7384185938618933,0.019560291264739044,0.007537334517072411,41.573249404790424,0.9261032599280086,7.207071292075849,0.1605477636144534,-0.1711549618851497,-0.0038127202088857324,[],1.264054702306406,,0.08873995476333235,501,mesh_sealedcad_fine,,,/Users/trasomi/dev/cfd/runs_v4/d15/M0.50_sealedcad_fine_opensides/result.json,81e4838761a03a8b262ad1cd6a7cc694d2e79613b4c78865de3a5e9ed9f7e412,openfoam_d15_M0.50.json,FINE_MESH_ADOPTED,Inside the grid-checked envelope (M0.30–0.85). Local grid check passed at all three corners.,True
openfoam_dm06_M0.60,OpenFOAM,primary,0.6,-6.0,203.5,24622.68854375,steady,-0.21203491831337323,-0.056750896803898984,-1.2538105533717565,-0.3355809217276088,-0.019979286672976965,-0.005347432607858899,59.114198101596806,0.9146608987017356,-4.637995093313373,-0.07176267117644719,0.09063079441249501,0.0014023102153041928,['mroll_noisy(std=6.0%)'],5.952574836048641,,0.13225435682881034,501,mesh_sealedcad_fine,,,/Users/trasomi/dev/cfd/runs_v4/dm06/M0.60_sealedcad_fine_opensides/result.json,e991e0b24963f81cc5c9e9be91f394bee86bb92c9fa77b6570af88e3380ea5f7,openfoam_dm06_M0.60.json,FINE_MESH_ADOPTED,Inside the grid-checked envelope (M0.30–0.85). Local grid check passed at all three corners.,True
openfoam_d00_M0.60,OpenFOAM,primary,0.6,0.0,203.5,24622.68854375,steady,-0.0016205410378317365,-0.0004337359050859303,0.08123845099976036,0.021743375977263387,-0.09326101612518164,-0.024961201409877076,60.08122574690619,0.9296235033472043,0.2421070520654072,0.00374606881148222,0.3229063167185629,0.004996257943627421,"['mroll_drift(38.9%)', 'mroll_noisy(std=785.5%)']",785.4658787408874,,38.934848632581094,501,mesh_sealedcad_fine,,,/Users/trasomi/dev/cfd/runs_v4/d00/M0.60_sealedcad_fine_opensides/result.json,211b94b5f737abd9780ef47c4fdf78d57c1bd3df71c014cd08973277100e65e6,openfoam_d00_M0.60.json,FINE_MESH_ADOPTED,Inside the grid-checked envelope (M0.30–0.85). Local grid check passed at all three corners.,True
openfoam_d03_M0.60,OpenFOAM,primary,0.6,3.0,203.5,24622.68854375,steady,0.10390585131776447,0.027810279044420058,0.6601093170352695,0.17667748325770957,-0.0561457498286911,-0.01502734398584487,60.074136805988026,0.9295138177339459,2.422622078982036,0.03748469503329895,0.21126511947107984,0.003268858417188403,['mroll_noisy(std=8.1%)'],8.095108429033262,,0.5245713795655045,501,mesh_sealedcad_fine,,,/Users/trasomi/dev/cfd/runs_v4/d03/M0.60_sealedcad_fine_opensides/result.json,77a234fbf3a9b941a6938697b7307d5de9e2f4f464744d5e4e07c957929a8450,openfoam_d03_M0.60.json,FINE_MESH_ADOPTED,Inside the grid-checked envelope (M0.30–0.85). Local grid check passed at all three corners.,True
openfoam_d06_M0.60,OpenFOAM,primary,0.6,6.0,203.5,24622.68854375,steady,0.20546673396606785,0.054992929979151686,1.0862041899483637,0.29072127544868814,-0.10075670258166386,-0.026967413084585824,59.80572157025948,0.9253606882215609,4.117064531397205,0.06370242793159174,0.3476685163165669,0.005379397975387917,['mroll_noisy(std=5.9%)'],5.9095328497230595,,0.10199994843095823,501,mesh_sealedcad_fine,,,/Users/trasomi/dev/cfd/runs_v4/d06/M0.60_sealedcad_fine_opensides/result.json,2acdb63998640f78387737e56b7c60b5a71a54851878611ee20ed29561c37822,openfoam_d06_M0.60.json,FINE_MESH_ADOPTED,Inside the grid-checked envelope (M0.30–0.85). Local grid check passed at all three corners.,True
openfoam_d09_M0.60,OpenFOAM,primary,0.6,9.0,203.5,24622.68854375,steady,0.3127963884491018,0.08371958591872966,1.6729077104468466,0.4477517834949359,-0.07419369787909942,-0.019857856080164632,59.83237065728542,0.9257730236447166,6.314752131277444,0.09770676157268061,0.21053439635630739,0.0032575521002235477,[],1.5900332148429352,,0.10891335981481404,501,mesh_sealedcad_fine,,,/Users/trasomi/dev/cfd/runs_v4/d09/M0.60_sealedcad_fine_opensides/result.json,50115b5215b8a219be4beda51d955a8a2e4219436f1e6e65d7b8d210bc1b7f98,openfoam_d09_M0.60.json,FINE_MESH_ADOPTED,Inside the grid-checked envelope (M0.30–0.85). Local grid check passed at all three corners.,True
openfoam_d10_M0.60,OpenFOAM,primary,0.6,10.0,203.5,24622.68854375,steady,0.3264913325508982,0.0873850216197851,1.8413758987372453,0.4928420961871036,-0.041929555357706164,-0.011222396235801848,59.00482555528942,0.9129686015089888,6.906594464191617,0.10686420694955338,0.10571787958700599,0.001635749343765196,[],4.0540841422315985,,0.5407877119855508,501,mesh_sealedcad_fine,,,/Users/trasomi/dev/cfd/runs_v4/d10/M0.60_sealedcad_fine_opensides/result.json,26d06d24ad0723289a14427c8fb4f42339ccdb56b00d739f1fd8f055e05ad666,openfoam_d10_M0.60.json,GRID_PASS,Grid-check point: refinement changes roll by +1.22 %.,True
openfoam_d12_M0.60,OpenFOAM,primary,0.6,12.0,203.5,24622.68854375,steady,0.4003901892714571,0.10716396381022358,2.290339643611537,0.6130067150938658,-0.0644641804520909,-0.01725376217033114,60.42013730958084,0.9348674069177753,8.564283908143715,0.13251326868541155,0.11873625896475051,0.0018371798454667205,[],2.4492217673511707,,0.2993629075255364,501,mesh_sealedcad_fine,,,/Users/trasomi/dev/cfd/runs_v4/d12/M0.60_sealedcad_fine_opensides/result.json,e5686615f4cb2df6c4555b61913c2574daa49ab8597d473669677dddedf8d779,openfoam_d12_M0.60.json,FINE_MESH_ADOPTED,Inside the grid-checked envelope (M0.30–0.85). Local grid check passed at all three corners.,True
openfoam_d15_M0.60,OpenFOAM,primary,0.6,15.0,203.5,24622.68854375,steady,0.5092336608183633,0.13629579110862852,2.8470901995606184,0.7620203473649564,0.0511416454267479,0.013688001321110277,60.9283961243513,0.9427315830247074,10.677682342854292,0.1652134147363651,-0.3160815386603693,-0.004890659663812836,[],0.967241728566787,,0.04521885888882117,501,mesh_sealedcad_fine,,,/Users/trasomi/dev/cfd/runs_v4/d15/M0.60_sealedcad_fine_opensides/result.json,393c399e78dfbb172c390cccb66223093062ef418934193d17c05b894d47b112,openfoam_d15_M0.60.json,FINE_MESH_ADOPTED,Inside the grid-checked envelope (M0.30–0.85). Local grid check passed at all three corners.,True
openfoam_dm06_M0.70,OpenFOAM,primary,0.7,-6.0,237.4,33509.509727000004,steady,-0.3033570784031936,-0.059660497767584,-1.725586028585269,-0.3393668014871737,0.012963086660393813,0.0025494186812265963,83.57113928243513,0.950149691247141,-6.403087314610778,-0.07279895293092671,0.0009347169435129753,1.0627125858376193e-05,[],3.642948491152938,,0.16733488298780727,501,mesh_sealedcad_fine,,,/Users/trasomi/dev/cfd/runs_v4/dm06/M0.70_sealedcad_fine_opensides/result.json,616a784e80a65ab3b4900ada3a5a3f82ed7042e048bf20acc77d25f23365d683,openfoam_dm06_M0.70.json,FINE_MESH_ADOPTED,Inside the grid-checked envelope (M0.30–0.85). Local grid check passed at all three corners.,True
openfoam_d00_M0.70,OpenFOAM,primary,0.7,0.0,237.4,33509.509727000004,steady,-0.0023475231908302993,-0.00046168166842553663,0.03445587390090028,0.006776352801013712,-0.05563374262435844,-0.010941352663053395,84.84193732674652,0.9645978414076799,0.09305250565177046,0.0010579466819998857,0.2153967746542515,0.0024489217293269814,"['mroll_drift(37.0%)', 'mroll_noisy(std=470.4%)']",470.4341901803057,,36.97972814374207,501,mesh_sealedcad_fine,,,/Users/trasomi/dev/cfd/runs_v4/d00/M0.70_sealedcad_fine_opensides/result.json,4801a28da0446bd4091dcd03167a8a9d31aa20ef128d12b695406dc3f920a184,openfoam_d00_M0.70.json,FINE_MESH_ADOPTED,Inside the grid-checked envelope (M0.30–0.85). Local grid check passed at all three corners.,True
openfoam_d03_M0.70,OpenFOAM,primary,0.7,3.0,237.4,33509.509727000004,steady,0.1486844601057884,0.029241410640255018,0.7181892599136528,0.14124453255985145,0.0560837167457175,0.011029847977565661,84.83911777524949,0.964565784934508,2.7606289511776447,0.031386562013288946,-0.11556789581305589,-0.0013139320759258317,['mroll_noisy(std=9.0%)'],9.048992060222142,,0.9529709574649998,501,mesh_sealedcad_fine,,,/Users/trasomi/dev/cfd/runs_v4/d03/M0.70_sealedcad_fine_opensides/result.json,28d31fcce664b3487b091f50d9423f210f9c2b3da30742ce420e0629fe8b4b56,openfoam_d03_M0.70.json,FINE_MESH_ADOPTED,Inside the grid-checked envelope (M0.30–0.85). Local grid check passed at all three corners.,True
openfoam_d06_M0.70,OpenFOAM,primary,0.7,6.0,237.4,33509.509727000004,steady,0.2945392483173653,0.05792631660088881,1.5754955469620757,0.3098488720195293,-0.05593240623598636,-0.011000090108141469,84.37700413852295,0.9593118523804366,5.933784906187625,0.06746328870170257,0.2267304132223912,0.002577777854523877,[],4.609008120290846,,0.17850550685952007,501,mesh_sealedcad_fine,,,/Users/trasomi/dev/cfd/runs_v4/d06/M0.70_sealedcad_fine_opensides/result.json,646fc561f2c261cb634e3ba2b9d175cf07421f9c1e567ab8e6af512d9e8b5b11,openfoam_d06_M0.70.json,FINE_MESH_ADOPTED,Inside the grid-checked envelope (M0.30–0.85). Local grid check passed at all three corners.,True
openfoam_d09_M0.70,OpenFOAM,primary,0.7,9.0,237.4,33509.509727000004,steady,0.44668482219560884,0.08784841605704964,2.4351839384871057,0.4789216941648819,0.03745974936111822,0.007367117671679561,84.49657476267465,0.9606712928834076,9.12188201764471,0.10370988665556723,-0.13893060116632736,-0.0015795508944403038,[],4.084267090424682,,0.20858969634888724,501,mesh_sealedcad_fine,,,/Users/trasomi/dev/cfd/runs_v4/d09/M0.70_sealedcad_fine_opensides/result.json,b95bb4ad229297c0a5667c10d39c70cb2f473bfe25abfb4afdaf2df094f258a1,openfoam_d09_M0.70.json,FINE_MESH_ADOPTED,Inside the grid-checked envelope (M0.30–0.85). Local grid check passed at all three corners.,True
openfoam_d10_M0.70,OpenFOAM,primary,0.7,10.0,237.4,33509.509727000004,steady,0.4735361284371257,0.09312919705781321,2.6616236968224154,0.5234550499308563,-0.0614871127881092,-0.01209252071697021,83.57480273912175,0.9501913423753843,9.941949375508981,0.11303352102943012,0.14019156015650697,0.0015938871809320482,['mroll_noisy(std=6.2%)'],6.238528835667713,,0.22673731416513926,501,mesh_sealedcad_fine,,,/Users/trasomi/dev/cfd/runs_v4/d10/M0.70_sealedcad_fine_opensides/result.json,48d25ce9aac574aecec975ad54d5df4525b4a0178bd758db67a3a995257efa8a,openfoam_d10_M0.70.json,FINE_MESH_ADOPTED,Inside the grid-checked envelope (M0.30–0.85). Local grid check passed at all three corners.,True
openfoam_d12_M0.70,OpenFOAM,primary,0.7,12.0,237.4,33509.509727000004,steady,0.5750749904471059,0.11309859774612649,3.2910485272147714,0.6472424983271479,-0.03889098660640488,-0.0076485956148571975,85.25295938323353,0.9692708958068436,12.251445681836326,0.1392909972495078,0.002671118503924147,3.0368886239671965e-05,[],2.2811515907531916,,0.22105844995502222,501,mesh_sealedcad_fine,,,/Users/trasomi/dev/cfd/runs_v4/d12/M0.70_sealedcad_fine_opensides/result.json,6900b78d1e0aa12ccfd751ec682cf54b7027f44ef659345bad5275ae53f22c1c,openfoam_d12_M0.70.json,FINE_MESH_ADOPTED,Inside the grid-checked envelope (M0.30–0.85). Local grid check passed at all three corners.,True
openfoam_d15_M0.70,OpenFOAM,primary,0.7,15.0,237.4,33509.509727000004,steady,0.7215599588203593,0.1419074397043206,4.056743114410579,0.7978297879018805,0.043135282982114706,0.00848331104586306,85.99865101716567,0.9777489264024503,15.138163350698603,0.17211110626486545,-0.3519495286997465,-0.004001438043084398,[],0.6278797625341208,,0.016440366440665304,501,mesh_sealedcad_fine,,,/Users/trasomi/dev/cfd/runs_v4/d15/M0.70_sealedcad_fine_opensides/result.json,481985a3af59a9c2e17d1d7237cc4fa68ef149b5a43045c00887bc34f8a0763b,openfoam_d15_M0.70.json,FINE_MESH_ADOPTED,Inside the grid-checked envelope (M0.30–0.85). Local grid check passed at all three corners.,True
openfoam_dm06_M0.80,OpenFOAM,primary,0.8,-6.0,271.3,43762.91398175,steady,-0.423210758251497,-0.0637310803182905,-2.3757837823548305,-0.3577680011673288,0.0568389684250063,0.008559349665090988,119.11275036926148,1.036945194694689,-8.746696420499001,-0.07614503732448666,-0.09712997844782435,-0.0008455724857333311,[],2.8088128188147663,,0.005323471920647661,501,mesh_sealedcad_fine,,,/Users/trasomi/dev/cfd/runs_v4/dm06/M0.80_sealedcad_fine_opensides/result.json,ef5c547865ed53bdc6728489ae3eb495dee312b02dc8ba5c6048131dcda793fb,openfoam_dm06_M0.80.json,FINE_MESH_ADOPTED,Inside the grid-checked envelope (M0.30–0.85). Local grid check passed at all three corners.,True
openfoam_d00_M0.80,OpenFOAM,primary,0.8,0.0,271.3,43762.91398175,steady,-0.0011343459595806388,-0.0001708205475622648,-0.007721038836492765,-0.0011627070830197168,0.04102973264555007,0.006178645357398089,120.53742102395209,1.049347774475814,-0.03436378631895988,-0.00029915658050455173,-0.054264832331007984,-0.00047240666471146163,"['mroll_drift(90.6%)', 'mroll_noisy(std=2535.3%)']",2535.287308320331,,90.57770488936059,501,mesh_sealedcad_fine,,,/Users/trasomi/dev/cfd/runs_v4/d00/M0.80_sealedcad_fine_opensides/result.json,c0cca09b383983f5dde376b51c5b6307d42c3fa6176e81f23bbd730aafbbd330,openfoam_d00_M0.80.json,FINE_MESH_ADOPTED,Inside the grid-checked envelope (M0.30–0.85). Local grid check passed at all three corners.,True
openfoam_d03_M0.80,OpenFOAM,primary,0.8,3.0,271.3,43762.91398175,steady,0.21087492357684634,0.031755541251158224,1.1776737871797205,0.1773452618019089,0.018371401877362338,0.002766539521450434,120.5168643233533,1.0491688165402562,4.356315600479042,0.037924239969997255,0.03785543391896008,0.00032955338680079697,[],3.8369131653704107,,0.26486542441377037,501,mesh_sealedcad_fine,,,/Users/trasomi/dev/cfd/runs_v4/d03/M0.80_sealedcad_fine_opensides/result.json,9e57a9319691e47467e9a4fcd1d9e16d6f340e559d27537187bd329aa523c1a8,openfoam_d03_M0.80.json,FINE_MESH_ADOPTED,Inside the grid-checked envelope (M0.30–0.85). Local grid check passed at all three corners.,True
openfoam_d06_M0.80,OpenFOAM,primary,0.8,6.0,271.3,43762.91398175,steady,0.4170773799161676,0.0628074581756817,2.321279165270319,0.34956018021428387,0.007618650412161096,0.001147288465303796,120.02266389221556,1.0448665167386342,8.582068458143713,0.07471185595685409,0.0755246045101018,0.0006574852438985997,[],2.296046501510423,,0.19454602001133364,501,mesh_sealedcad_fine,,,/Users/trasomi/dev/cfd/runs_v4/d06/M0.80_sealedcad_fine_opensides/result.json,3857d30ed111e1c04eba8d1706740d306f275c8c603897a8e55ade9ad7026e1d,openfoam_d06_M0.80.json,FINE_MESH_ADOPTED,Inside the grid-checked envelope (M0.30–0.85). Local grid check passed at all three corners.,True
openfoam_d09_M0.80,OpenFOAM,primary,0.8,9.0,271.3,43762.91398175,steady,0.6288214031956089,0.09469387668331497,3.4935908209461077,0.5260979615188486,0.039837631162455284,0.005999127436633138,120.2864340219561,1.0471627878573055,12.904731125748503,0.11234312773559428,-0.14252453956127745,-0.001240758323235552,[],3.006945639622856,,0.20939318219206407,501,mesh_sealedcad_fine,,,/Users/trasomi/dev/cfd/runs_v4/d09/M0.80_sealedcad_fine_opensides/result.json,915ac4979799af0a7e31f18bdac92007979d0f9b59b9c8e2c2d95121259b7ae9,openfoam_d09_M0.80.json,FINE_MESH_ADOPTED,Inside the grid-checked envelope (M0.30–0.85). Local grid check passed at all three corners.,True
openfoam_d10_M0.80,OpenFOAM,primary,0.8,10.0,271.3,43762.91398175,steady,0.6796773082874251,0.10235224006107164,3.9055684371870263,0.5881374490273044,0.018264914051758466,0.0027505035771031795,119.29535274451096,1.03853485369398,14.365820777844313,0.12506275589514912,-0.11544630243964271,-0.0010050266507064915,[],3.4804327388183434,,0.16982344164279786,501,mesh_sealedcad_fine,,,/Users/trasomi/dev/cfd/runs_v4/d10/M0.80_sealedcad_fine_opensides/result.json,5f30e506c4ac868f63a49de5ca181abadc85ebfebea57a923000c16f3ff9ebb8,openfoam_d10_M0.80.json,FINE_MESH_ADOPTED,Inside the grid-checked envelope (M0.30–0.85). Local grid check passed at all three corners.,True
openfoam_d12_M0.80,OpenFOAM,primary,0.8,12.0,271.3,43762.91398175,steady,0.818505989043912,0.1232583763803099,4.649210669578842,0.7001221325841243,-0.12453142929477426,-0.018753120916223068,121.28864410978044,1.0558876047339392,17.137245826347304,0.14918960946533832,0.23185829812022635,0.0020184602180750404,[],1.0995956875559634,,0.042575231300657525,501,mesh_sealedcad_fine,,,/Users/trasomi/dev/cfd/runs_v4/d12/M0.80_sealedcad_fine_opensides/result.json,28e51c2e717efb8b66f0781a7691673044b2b8f8fe769c128789d40c8eaef2b8,openfoam_d12_M0.80.json,FINE_MESH_ADOPTED,Inside the grid-checked envelope (M0.30–0.85). Local grid check passed at all three corners.,True
openfoam_d15_M0.80,OpenFOAM,primary,0.8,15.0,271.3,43762.91398175,steady,1.0151516084031935,0.15287113436738078,5.772757426642315,0.8693164340513263,-0.09957753247165234,-0.014995327023508167,122.30064060279443,1.064697617912424,21.26166869021956,0.18509508941037137,0.023696488868702594,0.00020629160343759844,[],0.535102449549467,,0.010661215867467651,501,mesh_sealedcad_fine,,,/Users/trasomi/dev/cfd/runs_v4/d15/M0.80_sealedcad_fine_opensides/result.json,53703d8e6e8bf2906e5c1bceafc923eca47b717d077b3d2d48a4561e254e556d,openfoam_d15_M0.80.json,FINE_MESH_ADOPTED,Inside the grid-checked envelope (M0.30–0.85). Local grid check passed at all three corners.,True
openfoam_dm06_M0.85,OpenFOAM,primary,0.85,-6.0,288.2,49384.94762299999,steady,-0.4977664772035928,-0.06642504553910598,-2.711124482027884,-0.3617892634968056,0.02248054483436103,0.002999943312284524,146.80654827345307,1.1325427720923955,-9.901194724291416,-0.07638301323717817,0.06139714827026747,0.0004736498291006443,[],2.5723193495983314,,0.1310708844774052,501,mesh_sealedcad_fine,,,/Users/trasomi/dev/cfd/runs_v4/dm06/M0.85_sealedcad_fine_opensides/result.json,6c98b784ce8a09975f0e49a8687acf7370a4209ca1a5c4f2cc81f1730b5387e2,openfoam_dm06_M0.85.json,FINE_MESH_ADOPTED,Inside the grid-checked envelope (M0.30–0.85). Local grid check passed at all three corners.,True
openfoam_d00_M0.85,OpenFOAM,primary,0.85,0.0,288.2,49384.94762299999,steady,0.00283367976943014,0.0003781438010552346,0.05189988412835522,0.006925842387112517,0.031090568751522437,0.0041489182975090015,148.178081247505,1.1431234973714584,0.14611147360113771,0.001127180601225678,0.01390377796499002,0.00010726104131061034,['mroll_noisy(std=468.6%)'],468.5879506867819,,0.40023032105844825,501,mesh_sealedcad_fine,,,/Users/trasomi/dev/cfd/runs_v4/d00/M0.85_sealedcad_fine_opensides/result.json,4ee001e4fc33d1507157755043f4d58d2c7c2f92e1821ac6516ffde8299bf928,openfoam_d00_M0.85.json,FINE_MESH_ADOPTED,Inside the grid-checked envelope (M0.30–0.85). Local grid check passed at all three corners.,True
openfoam_d03_M0.85,OpenFOAM,primary,0.85,3.0,288.2,49384.94762299999,steady,0.25241978709381235,0.03368446173168067,1.508290600142555,0.20127565111158827,-0.05806947137784077,-0.007749150369415523,148.21848874650695,1.1434352220286428,5.425671933772454,0.04185648123061091,0.2798332624860359,0.0021587806712086766,[],2.006350239235,,0.1548684891716313,501,mesh_sealedcad_fine,,,/Users/trasomi/dev/cfd/runs_v4/d03/M0.85_sealedcad_fine_opensides/result.json,8aa8937c622f2843e550526414bc157dca2ac4bd1512295de667964b0a5082f4,openfoam_d03_M0.85.json,FINE_MESH_ADOPTED,Inside the grid-checked envelope (M0.30–0.85). Local grid check passed at all three corners.,True
openfoam_d06_M0.85,OpenFOAM,primary,0.85,6.0,288.2,49384.94762299999,steady,0.49877575091816373,0.06655972928243162,2.7492929687865875,0.36688270306579585,-0.02027754510014481,-0.002705961366191963,147.6504098982036,1.1390527636084222,10.03910572790419,0.07744693110848948,0.22629880473902195,0.0017457877639281906,[],1.5057243652889685,,0.22840797006734118,501,mesh_sealedcad_fine,,,/Users/trasomi/dev/cfd/runs_v4/d06/M0.85_sealedcad_fine_opensides/result.json,c0ace8941b5190211e8fdc961d9a9959db24908b940c4a90102b1d007384dfc9,openfoam_d06_M0.85.json,FINE_MESH_ADOPTED,Inside the grid-checked envelope (M0.30–0.85). Local grid check passed at all three corners.,True
openfoam_d09_M0.85,OpenFOAM,primary,0.85,9.0,288.2,49384.94762299999,steady,0.7502628238003992,0.10011972384563798,4.165548146821358,0.5558765767080268,-0.06037108934022111,-0.008056292543439843,148.07043688822355,1.142293072281471,15.172134535928143,0.11704580965879187,0.20405154321039723,0.001574160710915806,[],1.0006417252221975,,0.029511443114377114,501,mesh_sealedcad_fine,,,/Users/trasomi/dev/cfd/runs_v4/d09/M0.85_sealedcad_fine_opensides/result.json,d4cf7d7b3a5fef5605c3356a0a108594ee08cc452076485e22d1eb4d4d4b31df,openfoam_d09_M0.85.json,FINE_MESH_ADOPTED,Inside the grid-checked envelope (M0.30–0.85). Local grid check passed at all three corners.,True
openfoam_d10_M0.85,OpenFOAM,primary,0.85,10.0,288.2,49384.94762299999,steady,0.8187391983253494,0.10925763590778811,4.60276057347026,0.6142209142246288,-0.09333637640567229,-0.012455384878532292,147.25017246107782,1.1359651219339293,16.745215909381237,0.1291813850835268,0.25021911062354096,0.0019303215592823997,[],1.2599867482074665,,0.08358513397073795,501,mesh_sealedcad_fine,,,/Users/trasomi/dev/cfd/runs_v4/d10/M0.85_sealedcad_fine_opensides/result.json,cfc85168c69a368dc8b68965e6df8d58c3b65d65ff166b1399bebcddb948a205,openfoam_d10_M0.85.json,FINE_MESH_ADOPTED,Inside the grid-checked envelope (M0.30–0.85). Local grid check passed at all three corners.,True
openfoam_d12_M0.85,OpenFOAM,primary,0.85,12.0,288.2,49384.94762299999,steady,0.982052825752495,0.13105121911561776,5.399003360789221,0.7204764895397454,-0.23188939764850236,-0.030944759248095158,149.2642150738523,1.151502503819205,19.74674312055888,0.1523367414912395,0.578533530955489,0.004463111329858936,[],1.971991489759398,,0.21067146092271766,501,mesh_sealedcad_fine,,,/Users/trasomi/dev/cfd/runs_v4/d12/M0.85_sealedcad_fine_opensides/result.json,a721e1b2c60694f68bba68ce02f3ba5b86b178638a170f6c3efab3028fe33f6f,openfoam_d12_M0.85.json,FINE_MESH_ADOPTED,Inside the grid-checked envelope (M0.30–0.85). Local grid check passed at all three corners.,True
openfoam_d15_M0.85,OpenFOAM,primary,0.85,15.0,288.2,49384.94762299999,steady,1.216171361457086,0.16229344836956885,6.856668079260479,0.9149963090526183,-0.3300319778718922,-0.04404151376898594,150.46016760878243,1.160728709428765,24.91246324251497,0.1921878179968748,0.7089874596367266,0.005469501410932104,[],0.7972745958880232,,0.003485429898406328,501,mesh_sealedcad_fine,,,/Users/trasomi/dev/cfd/runs_v4/d15/M0.85_sealedcad_fine_opensides/result.json,0cade114add2e595955e663b054a266d96373c1b266c032dcdfe2735a5d3acba,openfoam_d15_M0.85.json,GRID_PASS,Grid-check point: refinement changes roll by -0.62 %.,True
openfoam_dm06_M0.90_steady,OpenFOAM,context,0.9,-6.0,305.0,55310.339374999996,steady,-0.5810188000838322,-0.06922846069850874,-2.9716046751205787,-0.35406705847281983,-0.2363349261366986,-0.028159335194280714,189.00085858283433,1.301850866402751,-10.66777663295409,-0.07348037652493312,0.9240410756606785,0.006364858254934094,"['mroll_drift(9.4%)', 'mroll_noisy(std=7.0%)']",6.969281139254288,,9.443341503281205,501,mesh_sealedcad_fine,,Steady mean superseded by the transient restart.,/Users/trasomi/dev/cfd/runs_v4/dm06/M0.90_sealedcad_fine_opensides/result.json,a09312b58d80b161a494e29d214be9f2cd889749c5d17899b6f08affa26bb913,openfoam_dm06_M0.90_steady.json,NOT_CHECKED,Transonic/supersonic: outside the grid check (M0.30–0.85).,False
openfoam_dm06_M0.90_transient,OpenFOAM,primary,0.9,-6.0,305.0,55310.339374999996,transient,-0.5775252648219615,-0.06881220554714296,-2.9429117590812366,-0.35064829403685216,-0.35783394693798504,-0.04263595830051333,185.19991943603412,1.275669737076096,-10.62407677206823,-0.07317936888834081,1.311114628923241,0.009031047416480184,[],0.10882609624668335,,0.023090937472165333,"938 steps, t 11.25–15.00 ms",mesh_sealedcad_fine,,Transient rhoPimpleFoam restart (15 ms) replaces the steady mean (steady drift 9.4 %).,/Users/trasomi/dev/cfd/runs_v4/dm06/M0.90_sealedcad_fine_transient/result.json,b6285f5a0bc9d371a5c734a9111295da53eb6d7b990a880374777ef0ce272024,openfoam_dm06_M0.90_transient.json,NOT_CHECKED,Transonic/supersonic: outside the grid check (M0.30–0.85).,False
openfoam_d00_M0.90,OpenFOAM,primary,0.9,0.0,305.0,55310.339374999996,steady,0.006350145902508783,0.0007566206566434622,0.08201855978694264,0.009772521374419203,0.06768217733115005,0.008064339661096973,190.05198721956089,1.309091112487789,0.24350733296516366,0.0016772951973505659,-0.07199527702198004,-0.000495908402061002,"['mroll_drift(50.4%)', 'mroll_noisy(std=269.8%)']",269.8215959773142,,50.42241386626646,501,mesh_sealedcad_fine,,,/Users/trasomi/dev/cfd/runs_v4/d00/M0.90_sealedcad_fine_opensides/result.json,ca50cc78448961291dd7a94f417665e64530beed45a5dee435f336b848ac229a,openfoam_d00_M0.90.json,NOT_CHECKED,Transonic/supersonic: outside the grid check (M0.30–0.85).,False
openfoam_d03_M0.90,OpenFOAM,primary,0.9,3.0,305.0,55310.339374999996,steady,0.3006751351616766,0.035825478925218264,1.616461819803194,0.1926016224375857,-0.010286346503523114,-0.0012256194370090028,189.96480365868263,1.3084905861456524,5.795169080638723,0.03991752177820618,0.18604166800124153,0.0012814677588794112,[],1.7304147251876896,,0.31746026984020265,501,mesh_sealedcad_fine,,,/Users/trasomi/dev/cfd/runs_v4/d03/M0.90_sealedcad_fine_opensides/result.json,144223f90dac9ec99a4ad1d6a16b5d772f4fd01791a319f6724f09b5195d833b,openfoam_d03_M0.90.json,NOT_CHECKED,Transonic/supersonic: outside the grid check (M0.30–0.85).,False
openfoam_d06_M0.90,OpenFOAM,primary,0.9,6.0,305.0,55310.339374999996,steady,0.5947017005469061,0.07085877995291642,3.1656443180455085,0.37718690552810097,-0.1631850609076028,-0.019443519855116123,189.58354748103793,1.305864467466035,11.347316221157685,0.07816109177824555,0.7075731988802395,0.004873812684834375,[],3.962185168216149,,0.6185761518202424,501,mesh_sealedcad_fine,,,/Users/trasomi/dev/cfd/runs_v4/d06/M0.90_sealedcad_fine_opensides/result.json,d13e8b9ba762a7b5fc7a54fe44dccfb4004a07f6eed86a9e0f93f74a808b910c,openfoam_d06_M0.90.json,NOT_CHECKED,Transonic/supersonic: outside the grid check (M0.30–0.85).,False
openfoam_d09_M0.90,OpenFOAM,primary,0.9,9.0,305.0,55310.339374999996,steady,0.8909033285908183,0.10615123996094653,4.690680902571455,0.5588952000624766,-0.19683232752789817,-0.02345259576539523,190.20114739121755,1.3101185379723084,16.8088192001996,0.11578029858206418,0.6878339524291417,0.004737847402521985,[],1.04959442142608,,0.17500332196663265,501,mesh_sealedcad_fine,,,/Users/trasomi/dev/cfd/runs_v4/d09/M0.90_sealedcad_fine_opensides/result.json,73edb36a5196fdb7084becb659b969a4be10c0eab067c1b82f9ab4038180485a,openfoam_d09_M0.90.json,NOT_CHECKED,Transonic/supersonic: outside the grid check (M0.30–0.85).,False
openfoam_d10_M0.90,OpenFOAM,primary,0.9,10.0,305.0,55310.339374999996,steady,0.9769977364251496,0.1164093991259519,4.989417838645709,0.594489742330688,-0.24595910362574375,-0.02930605711267596,189.7174129161677,1.3067865417571878,17.951191170658685,0.1236490350028809,0.8075440244902194,0.005562418582771661,[],1.5774675454949754,,1.4052389309842441,501,mesh_sealedcad_fine,,,/Users/trasomi/dev/cfd/runs_v4/d10/M0.90_sealedcad_fine_opensides/result.json,ae970b1369a62e6eaa570f8a31aca282869e0c5b85f07bb58df99060883cffa6,openfoam_d10_M0.90.json,NOT_CHECKED,Transonic/supersonic: outside the grid check (M0.30–0.85).,False
openfoam_d12_M0.90,OpenFOAM,primary,0.9,12.0,305.0,55310.339374999996,steady,1.1495989534930142,0.1369748551328374,6.0045126972576846,0.715438418198901,-0.3275561956918962,-0.03902836055690047,191.44352606986027,1.3186761274526888,21.57410088443114,0.14860388539424296,0.9422336475848302,0.006490169937109183,['mroll_noisy(std=8.0%)'],8.000124901566705,,0.5711989109608715,501,mesh_sealedcad_fine,,,/Users/trasomi/dev/cfd/runs_v4/d12/M0.90_sealedcad_fine_opensides/result.json,d2306ef61278a038dff0704005535fd450dcb110b90cfa073a676043ed73d8b4,openfoam_d12_M0.90.json,NOT_CHECKED,Transonic/supersonic: outside the grid check (M0.30–0.85).,False
openfoam_d15_M0.90_steady,OpenFOAM,context,0.9,15.0,305.0,55310.339374999996,steady,1.2998913416087825,0.1548822114566883,6.923723978506386,0.8249625541620917,-0.5979456216604052,-0.07124529354814352,193.14808465868262,1.3304172438282,24.802374971457084,0.17084045854366242,1.6024682753952095,0.01103791130023813,"['mroll_drift(30.4%)', 'mroll_noisy(std=18.3%)']",18.269356383771697,,30.41389171695964,501,mesh_sealedcad_fine,,Steady mean superseded by the transient restart.,/Users/trasomi/dev/cfd/runs_v4/d15/M0.90_sealedcad_fine_opensides/result.json,8d1fbf4506030ec78a7224ef609a21e7a581ab11dbc8ce1bd18bcd938cf66db5,openfoam_d15_M0.90_steady.json,NOT_CHECKED,Transonic/supersonic: outside the grid check (M0.30–0.85).,False
openfoam_d15_M0.90_transient,OpenFOAM,primary,0.9,15.0,305.0,55310.339374999996,transient,1.4252916389339019,0.16982367213524252,7.530722633447122,0.8972865177266947,-0.28696481977127936,-0.03419189317888557,188.76739007889125,1.300242719347679,27.048164436460553,0.1863096102855925,0.5927452853518124,0.004082870147138517,[],0.13201651240777573,,0.008741689095888265,"938 steps, t 11.25–15.00 ms",mesh_sealedcad_fine,,"Transient rhoPimpleFoam restart (15 ms) replaces the steady mean (steady drift 30 %, std 18 %).",/Users/trasomi/dev/cfd/runs_v4/d15/M0.90_sealedcad_fine_transient/result.json,bcc4540691b257046d4130a660bd231896e42109ec96f110e10d16ee19e234d6,openfoam_d15_M0.90_transient.json,NOT_CHECKED,Transonic/supersonic: outside the grid check (M0.30–0.85).,False
openfoam_d15_M1.20_transient,OpenFOAM,supersonic,1.2,15.0,406.9,98442.36171574998,transient,1.7896190353357315,0.11980622372911784,8.017507467928537,0.536732832232264,-0.27950192394159235,-0.018711284005862912,328.66808387889694,1.2719770961780124,28.5804166911271,0.11060896148265047,0.34344798159232615,0.001329176721871704,[],0.018004596154501413,,0.04388449010940248,"834 steps, t 7.50–10.00 ms",mesh_sealedcad_fine,,"Recommended M1.2 value: transient restart from the SIMPLEC steady, 10 ms, flat from 1.5 ms.",/Users/trasomi/dev/cfd/runs_v4/d15/M1.20_sealedcad_fine_transient/result.json,4d06ebd6a40b5bfc1fb7a197c0e82782f35db97af12dd921eaefb1141e94b13a,openfoam_d15_M1.20_transient.json,NOT_CHECKED,Transonic/supersonic: outside the grid check (M0.30–0.85).,False
openfoam_d15_M1.20_steady,OpenFOAM,supersonic,1.2,15.0,406.9,98442.36171574998,steady,1.93124025712,0.12928707046066484,12.5432920344952,0.8397119286912792,-4.7515896702776,-0.318095641511462,421.03389398400003,1.6294416651043606,41.3552572392,0.16004882309836554,13.4643079896,0.05210816692797065,[],0.008501044267269407,0.000135314080701542,0.0009142642887123894,"500 iterations, 1501–2000",mesh_sealedcad_fine,,"Steady transonic-SIMPLEC restart from M0.90; not a fixed point of the transient (upper bound, +8 %).",/Users/trasomi/dev/cfd/runs_v4/d15/M1.20_sealedcad_fine_restart/result.json,f54a1bb5dac396edda5282e3f21d99c0a3ed7489068beb782dadb2346eea85e0,openfoam_d15_M1.20_steady.json,NOT_CHECKED,Transonic/supersonic: outside the grid check (M0.30–0.85).,False
ss_sweep_dm06_M0.3_fine_sealed,SimScale,primary,0.3,-6.0,101.7,6149.62382175,steady,-0.035055834008785855,-0.037567523493390736,-0.1984555313140104,-0.21267452467865688,-0.021352173533797147,-0.022882019599500675,14.742827580749754,0.9133474459578556,-0.7482462411655577,-0.04635534055953279,0.03247718422148109,0.0020120260579676395,[],5.951287300446428,0.09667533037243557,0.0414738980302999,not recorded,SimScale FINE sealed 1.6M,36200c58-3aa6-486d-8337-6a2a75d208b1,,/Users/trasomi/dev/cfd/simscale_sealed/results/ss_sweep_dm06_M0.3_fine_sealed.json,397d0c675804f6ee4a610c5e982d872e77f8f73652511f032c9860a3d6b0f6f1,ss_sweep_dm06_M0.3_fine_sealed.json,FINE_MESH_ADOPTED,"Inside the grid-checked envelope (M0.30–0.85). SimScale check: 15°/M0.85 passed, 3°/M0.30 failed.",False
ss_sweep_d00_M0.3_fine_sealed,SimScale,primary,0.3,0.0,101.7,6149.62382175,steady,9.688908071883888e-05,0.00010383101469632035,-0.04118311362362326,-0.04413381202679969,-0.006322534517004951,-0.006775533109434182,14.73451477518176,0.912832451144772,-0.11953748555771951,-0.007405584616137441,-0.007207631176313872,-0.00044652706478696426,"['mroll_drift(12.8%)', 'mroll_noisy(block_std=35.6%)']",2271.07481013148,35.55553359725576,12.777021284576854,not recorded,SimScale FINE sealed 1.6M,ed7ffdc4-59a8-412b-ad06-bbe2c5369c9e,,/Users/trasomi/dev/cfd/simscale_sealed/results/ss_sweep_d00_M0.3_fine_sealed.json,172e8a8a3b329f1637d48e4ee751c148a96c18d3aedf9439a5cd51e864f313d1,ss_sweep_d00_M0.3_fine_sealed.json,FINE_MESH_ADOPTED,"Inside the grid-checked envelope (M0.30–0.85). SimScale check: 15°/M0.85 passed, 3°/M0.30 failed.",False
ss_sweep_d03_M0.3_fine_sealed,SimScale,primary,0.3,3.0,101.7,6149.62382175,steady,0.022877071485831114,0.024516173835389114,0.17843828620718447,0.19122307880419345,0.020525743816221593,0.021996377631237282,14.724495042306213,0.9122117087952507,0.6561239270958416,0.04064818026002777,-0.0880275492987694,-0.005453481490276743,[],8.784561665061556,0.18768746291816132,0.027696420990383316,not recorded,SimScale FINE sealed 1.6M,3a8f572b-e3ee-4143-9a35-a1ecea066063,,/Users/trasomi/dev/cfd/simscale_sealed/results/ss_sweep_d03_M0.3_fine_sealed.json,cfaf8bd1b9c44a5a07b7de26e1c1d5984bc721179ad92e1de07eb4f7af3e3d75,ss_sweep_d03_M0.3_fine_sealed.json,GRID_FAIL,Grid-check point: refinement changes roll by -44.87 %.,False
ss_sweep_d06_M0.3_fine_sealed,SimScale,primary,0.3,6.0,101.7,6149.62382175,steady,0.03424173210919399,0.03669509260981038,0.1805519175080837,0.19348814810857792,-0.002752804465557671,-0.0029500381136740358,14.756485607736286,0.9141935878527292,0.7127138339002772,0.04415403736672777,-0.036453196700794104,-0.0022583479269026635,[],6.464317195612127,0.15950045280054395,0.4376062303373368,not recorded,SimScale FINE sealed 1.6M,6d4042f3-03aa-431b-b776-365b3380d779,,/Users/trasomi/dev/cfd/simscale_sealed/results/ss_sweep_d06_M0.3_fine_sealed.json,3ff8fae83609c137a5afec6e3f0781acc2bde294ef5e81bfca87eecaa9ab0a01,ss_sweep_d06_M0.3_fine_sealed.json,FINE_MESH_ADOPTED,"Inside the grid-checked envelope (M0.30–0.85). SimScale check: 15°/M0.85 passed, 3°/M0.30 failed.",False
ss_sweep_d09_M0.3_fine_sealed,SimScale,primary,0.3,9.0,101.7,6149.62382175,steady,0.07507746529894593,0.0804566349993413,0.4268453899475809,0.4574281191222659,0.019586540962559428,0.020989882527992266,14.872202546224427,0.9213624819907987,1.6083165308580334,0.09963840299326616,-0.11721161509503136,-0.007261492322098891,[],3.7014277473315107,0.07520979428977675,0.08003124470906864,not recorded,SimScale FINE sealed 1.6M,259439ca-ea73-4b86-afd0-7ae2178dba60,,/Users/trasomi/dev/cfd/simscale_sealed/results/ss_sweep_d09_M0.3_fine_sealed.json,f088b1354b07946afc3ea3bdaaa55a5b80c1527aae1dcfb5e4457b1abff08f7e,ss_sweep_d09_M0.3_fine_sealed.json,FINE_MESH_ADOPTED,"Inside the grid-checked envelope (M0.30–0.85). SimScale check: 15°/M0.85 passed, 3°/M0.30 failed.",False
ss_sweep_d10_M0.3_fine_sealed,SimScale,primary,0.3,10.0,101.7,6149.62382175,steady,0.07504971962663128,0.08042690139790254,0.4279429770632171,0.45860434644415393,0.026422965015742796,0.028316124464338163,14.78238513462234,0.9157981149763986,1.6138116826521767,0.09997883855956723,-0.11577301122077911,-0.0071723679552095285,[],2.970132559586161,0.07083315690363888,0.08147281684153597,not recorded,SimScale FINE sealed 1.6M,d780e6a0-0e6c-4566-a1c2-2dd966fdadef,,/Users/trasomi/dev/cfd/simscale_sealed/results/ss_sweep_d10_M0.3_fine_sealed.json,ee83d651d126b7ad4312022c80a449927c55b043152215c6985ee629d8e117eb,ss_sweep_d10_M0.3_fine_sealed.json,FINE_MESH_ADOPTED,"Inside the grid-checked envelope (M0.30–0.85). SimScale check: 15°/M0.85 passed, 3°/M0.30 failed.",False
ss_sweep_d12_M0.3_fine_sealed,SimScale,primary,0.3,12.0,101.7,6149.62382175,steady,0.09307828144569193,0.09974717828875794,0.5177159587963042,0.554809406049475,0.01990875630319737,0.021335184036902682,14.86362195956238,0.9208308976071603,1.9537570486683906,0.1210391290713774,-0.12251598414014642,-0.007590108518228031,[],2.4213552004570373,0.02296752449661079,0.047692594608931965,not recorded,SimScale FINE sealed 1.6M,baadb937-00a8-4197-a44b-e2a4b49f2f60,,/Users/trasomi/dev/cfd/simscale_sealed/results/ss_sweep_d12_M0.3_fine_sealed.json,a1152b77b717f6752e4605f8c37f14cab3c4f60efff8723f45eda457cc5ab983,ss_sweep_d12_M0.3_fine_sealed.json,FINE_MESH_ADOPTED,"Inside the grid-checked envelope (M0.30–0.85). SimScale check: 15°/M0.85 passed, 3°/M0.30 failed.",False
ss_sweep_d15_M0.3_fine_sealed,SimScale,primary,0.3,15.0,101.7,6149.62382175,steady,0.113469005884493,0.12159886263921242,0.6165643906810567,0.6607401560120799,0.004412135388325478,0.004728257208640258,14.940930188137534,0.9256202958914378,2.3455131849391755,0.14530919968988235,-0.09493651686005052,-0.00588150575100549,[],2.1981511731749523,0.03622335744574142,0.03546997654193988,not recorded,SimScale FINE sealed 1.6M,90de3f6b-455d-4c3b-8a11-d02676a2a240,,/Users/trasomi/dev/cfd/simscale_sealed/results/ss_sweep_d15_M0.3_fine_sealed.json,f0f05cbac9e434f0cd4a2cef0503dfd148a1e11eb76711779c16d8e9c3bf0b9a,ss_sweep_d15_M0.3_fine_sealed.json,FINE_MESH_ADOPTED,"Inside the grid-checked envelope (M0.30–0.85). SimScale check: 15°/M0.85 passed, 3°/M0.30 failed.",False
ss_sweep_dm06_M0.5_fine_sealed,SimScale,primary,0.5,-6.0,169.6,17102.450431999998,steady,-0.10785248504434287,-0.04155972154372757,-0.6280607324612522,-0.24201601977838094,0.039886814104646534,0.0153699276078246,41.325005706427795,0.9205732784711411,-2.3524304254938495,-0.0524037335785605,-0.20952291595933384,-0.004667420956448074,[],7.259727114314563,0.24088545229140607,0.146103876807229,not recorded,SimScale FINE sealed 1.6M,6afa49b2-c77c-4c53-8f8e-a12fee6e8d6c,,/Users/trasomi/dev/cfd/simscale_sealed/results/ss_sweep_dm06_M0.5_fine_sealed.json,08e5d0cdc929b687f63a2502f976be56ca112c63e28ce4e38b157ff6d0795386,ss_sweep_dm06_M0.5_fine_sealed.json,FINE_MESH_ADOPTED,"Inside the grid-checked envelope (M0.30–0.85). SimScale check: 15°/M0.85 passed, 3°/M0.30 failed.",False
ss_sweep_d00_M0.5_fine_sealed,SimScale,primary,0.5,0.0,169.6,17102.450431999998,steady,0.000988148834785332,0.00038077185148355865,-0.09426339283604515,-0.03632332028717151,0.0016258023759183745,0.0006264843503653924,41.15002917588972,0.9166754273851124,-0.26685749112423474,-0.00594463016494174,-0.06424948526563658,-0.0014312486660315346,"['mroll_drift(17.1%)', 'mroll_noisy(block_std=36.2%)']",930.2795993168138,36.172502778798815,17.143543537859298,not recorded,SimScale FINE sealed 1.6M,03034c69-8c32-4a7f-a82e-c0e3a26b4a0f,,/Users/trasomi/dev/cfd/simscale_sealed/results/ss_sweep_d00_M0.5_fine_sealed.json,b9dd3b486a6676b77a1965fa3491f3f7c807894559de642b57a118860f9cf3c7,ss_sweep_d00_M0.5_fine_sealed.json,FINE_MESH_ADOPTED,"Inside the grid-checked envelope (M0.30–0.85). SimScale check: 15°/M0.85 passed, 3°/M0.30 failed.",False
ss_sweep_d03_M0.5_fine_sealed,SimScale,primary,0.5,3.0,169.6,17102.450431999998,steady,0.06532602573245935,0.02517263684636627,0.4643799313687033,0.17894349518459182,0.09447520518336702,0.036404939752597835,40.88295096496554,0.9107258803726981,1.7208885789291866,0.038335240707346674,-0.35291384593685804,-0.007861657865939979,[],9.548608317626988,0.24280876819279526,0.008558647137065296,not recorded,SimScale FINE sealed 1.6M,4b2275f1-8463-4e5e-a021-0c4fce50ec97,,/Users/trasomi/dev/cfd/simscale_sealed/results/ss_sweep_d03_M0.5_fine_sealed.json,3f4f212eaf51b869ad124f7e1c6a6eb6786bf53ba95d77c5da1efca8bedad09e,ss_sweep_d03_M0.5_fine_sealed.json,FINE_MESH_ADOPTED,"Inside the grid-checked envelope (M0.30–0.85). SimScale check: 15°/M0.85 passed, 3°/M0.30 failed.",False
ss_sweep_d06_M0.5_fine_sealed,SimScale,primary,0.5,6.0,169.6,17102.450431999998,steady,0.10651220567559774,0.04104326021849293,0.6426199669052913,0.24762625424943036,0.06217223928934573,0.02395736131210022,41.46607283576873,0.9237157494163223,2.455731363850418,0.054704908904889854,-0.25176970425335976,-0.005608528253104985,[],8.062858196809477,0.2694669785649435,0.17475269860599962,not recorded,SimScale FINE sealed 1.6M,5b72eac8-7b79-4119-856c-b74b67162451,,/Users/trasomi/dev/cfd/simscale_sealed/results/ss_sweep_d06_M0.5_fine_sealed.json,c05882a63d36e6698aa575e791e2ddaee80ec2cc966b709a96cc1b7c03047ab3,ss_sweep_d06_M0.5_fine_sealed.json,FINE_MESH_ADOPTED,"Inside the grid-checked envelope (M0.30–0.85). SimScale check: 15°/M0.85 passed, 3°/M0.30 failed.",False
ss_sweep_d09_M0.5_fine_sealed,SimScale,primary,0.5,9.0,169.6,17102.450431999998,steady,0.2084784791046814,0.08033479744011564,1.2114256627561142,0.46680902340238223,0.03338282398982355,0.012863689406784853,41.76998158010786,0.9304857489444484,4.563282567100548,0.10165360951741013,-0.24562758345389094,-0.005471703776387409,[],6.588171526397426,0.13161450531156188,0.23379790570596745,not recorded,SimScale FINE sealed 1.6M,d708c1ae-b4a6-4a5b-82c1-a05d1860d59b,,/Users/trasomi/dev/cfd/simscale_sealed/results/ss_sweep_d09_M0.5_fine_sealed.json,bfc92ec144fde51239ece2fce377d186a5ae8e9a58ed562d6ec8134d7cb702d6,ss_sweep_d09_M0.5_fine_sealed.json,FINE_MESH_ADOPTED,"Inside the grid-checked envelope (M0.30–0.85). SimScale check: 15°/M0.85 passed, 3°/M0.30 failed.",False
ss_sweep_d10_M0.5_fine_sealed,SimScale,primary,0.5,10.0,169.6,17102.450431999998,steady,0.21568557715373146,0.08311197024177816,1.228121376159062,0.47324252560416374,0.061188273134777704,0.023578201208598788,41.59028959863589,0.9264828544821035,4.639025688426183,0.10334089527402242,-0.27917001356013804,-0.006218909114244002,[],4.048676920219727,0.1044648720836645,0.2388516525157596,not recorded,SimScale FINE sealed 1.6M,8bd1651e-90cf-46bd-aaf6-b1e55bf315ef,,/Users/trasomi/dev/cfd/simscale_sealed/results/ss_sweep_d10_M0.5_fine_sealed.json,f7ee88cf23c45660342e1e8ceda14074cf5a6e3b40cef4b2da4e86020a96cd7d,ss_sweep_d10_M0.5_fine_sealed.json,FINE_MESH_ADOPTED,"Inside the grid-checked envelope (M0.30–0.85). SimScale check: 15°/M0.85 passed, 3°/M0.30 failed.",False
ss_sweep_d12_M0.5_fine_sealed,SimScale,primary,0.5,12.0,169.6,17102.450431999998,steady,0.2724583741542002,0.10498871822424675,1.4899894512759413,0.5741503932214458,0.01998577488085321,0.007701289762052188,41.32270822293788,0.9205220987587033,5.655799778184968,0.12599098427638558,-0.25614279404896495,-0.005705945048127055,[],2.4373143984951167,0.04008349219772298,0.010424954457637275,not recorded,SimScale FINE sealed 1.6M,1b0fa7cf-6b16-4c7e-a110-b6358b9157ad,,/Users/trasomi/dev/cfd/simscale_sealed/results/ss_sweep_d12_M0.5_fine_sealed.json,bb9d0a5e5c555a3967119d9e2929e268379cf938e55af3a2264c770402e88062,ss_sweep_d12_M0.5_fine_sealed.json,FINE_MESH_ADOPTED,"Inside the grid-checked envelope (M0.30–0.85). SimScale check: 15°/M0.85 passed, 3°/M0.30 failed.",False
ss_sweep_d15_M0.5_fine_sealed,SimScale,primary,0.5,15.0,169.6,17102.450431999998,steady,0.3260945882206332,0.12565681984790647,1.9065320997001658,0.7346603385646626,-0.022913280443614847,-0.008829370547173317,41.71291186129197,0.9292144397878328,7.169483844778649,0.15971044976545948,-0.1099843207454161,-0.002450057174784147,[],3.3085914529205276,0.19448386862820471,0.23675148505889726,not recorded,SimScale FINE sealed 1.6M,d33514b1-6592-49a9-857c-22230bde4b42,,/Users/trasomi/dev/cfd/simscale_sealed/results/ss_sweep_d15_M0.5_fine_sealed.json,bf49c699ccb4f77839125c38183bcd480e9acd81c030e961653f78b6e0946022,ss_sweep_d15_M0.5_fine_sealed.json,FINE_MESH_ADOPTED,"Inside the grid-checked envelope (M0.30–0.85). SimScale check: 15°/M0.85 passed, 3°/M0.30 failed.",False
ss_sweep_dm06_M0.6_fine_sealed,SimScale,primary,0.6,-6.0,203.5,24622.68854375,steady,-0.16964766932660827,-0.0454059994059436,-1.015222062876039,-0.27172299252224497,0.07213641846157759,0.01930722766080205,60.80190054213377,0.9407743448885487,-3.7417530548565314,-0.05789531655310727,-0.32586220929026855,-0.0050419938149227645,[],4.670963646128041,0.13102466485487638,0.15439017661074125,not recorded,SimScale FINE sealed 1.6M,8fb61eef-d623-4fbb-99ff-fe61cfb43970,,/Users/trasomi/dev/cfd/simscale_sealed/results/ss_sweep_dm06_M0.6_fine_sealed.json,4bac9911c1882f7efb6d8a259d6a02edf9d11da6f8aecaa4ac263138e0ed25cb,ss_sweep_dm06_M0.6_fine_sealed.json,FINE_MESH_ADOPTED,"Inside the grid-checked envelope (M0.30–0.85). SimScale check: 15°/M0.85 passed, 3°/M0.30 failed.",False
ss_sweep_d00_M0.6_fine_sealed,SimScale,primary,0.6,0.0,203.5,24622.68854375,steady,0.0007699102176133954,0.00020606556531160483,-0.05115330828141566,-0.013691122870461458,0.08524104376755991,0.022814665229619977,60.788009370211114,0.9405594098610455,-0.11414182724946842,-0.0017660912207931472,-0.3578099844989715,-0.0055363146671432726,"['mroll_drift(166.4%)', 'mroll_noisy(block_std=97.0%)']",3750.137015634161,96.99458454040943,166.43219434170544,not recorded,SimScale FINE sealed 1.6M,f31c8f2a-7ade-461c-8a4a-7a332f5fd781,,/Users/trasomi/dev/cfd/simscale_sealed/results/ss_sweep_d00_M0.6_fine_sealed.json,5176387f30d0c99094aa092337e4643890745272e95ef2d259653bbbe7392e40,ss_sweep_d00_M0.6_fine_sealed.json,FINE_MESH_ADOPTED,"Inside the grid-checked envelope (M0.30–0.85). SimScale check: 15°/M0.85 passed, 3°/M0.30 failed.",False
ss_sweep_d03_M0.6_fine_sealed,SimScale,primary,0.6,3.0,203.5,24622.68854375,steady,0.09488739438092632,0.025396499639480277,0.6018052767853517,0.16107247537602062,0.08530541781903571,0.02283189486887568,60.63396334564363,0.9381758898303725,2.287878115093257,0.03539983151382214,-0.3354481777496837,-0.005190315382457964,[],23.466745363670658,0.35641517204759715,0.1069982438457324,not recorded,SimScale FINE sealed 1.6M,694d91b8-bc50-4417-9543-1259beda5e50,,/Users/trasomi/dev/cfd/simscale_sealed/results/ss_sweep_d03_M0.6_fine_sealed.json,59d0db86ed62eef35bc4435bb4937d080ac102b930c95f41f95610c8b8d1e50f,ss_sweep_d03_M0.6_fine_sealed.json,FINE_MESH_ADOPTED,"Inside the grid-checked envelope (M0.30–0.85). SimScale check: 15°/M0.85 passed, 3°/M0.30 failed.",False
ss_sweep_d06_M0.6_fine_sealed,SimScale,primary,0.6,6.0,203.5,24622.68854375,steady,0.16625922545202412,0.04449908638340018,0.9734430470493989,0.2605408880150904,0.05868286402827476,0.015706399620952487,60.760451055813135,0.940133006164075,3.7252044496666086,0.05763926364904417,-0.27738523034010604,-0.004291920252955541,[],12.20454587136611,0.3266708161390408,0.09660315622306467,not recorded,SimScale FINE sealed 1.6M,247f80bb-902a-4c6e-99a9-2553f276b711,,/Users/trasomi/dev/cfd/simscale_sealed/results/ss_sweep_d06_M0.6_fine_sealed.json,5cb8be8c52d2a1ff65da351a080f7630010d79d282ecf40eed3e04cc855d3fd8,ss_sweep_d06_M0.6_fine_sealed.json,FINE_MESH_ADOPTED,"Inside the grid-checked envelope (M0.30–0.85). SimScale check: 15°/M0.85 passed, 3°/M0.30 failed.",False
ss_sweep_d09_M0.6_fine_sealed,SimScale,primary,0.6,9.0,203.5,24622.68854375,steady,0.30435954799277576,0.08146147548155964,1.7572445171074766,0.47032443072511587,-0.00522911127867593,-0.0013995654909709522,61.19787350819789,0.9469011469197516,6.627179936810984,0.10254088783279813,-0.1844172551198257,-0.0028534473564896523,[],7.110000579435825,0.1489912614709069,0.14744886034259128,not recorded,SimScale FINE sealed 1.6M,533ae626-55d0-4b70-97a4-fbc67a1b1aec,,/Users/trasomi/dev/cfd/simscale_sealed/results/ss_sweep_d09_M0.6_fine_sealed.json,b7d36f551d5d6c415fd8393b6bfa4b1ee8431764814e38d2ed4a2ead02d1dd32,ss_sweep_d09_M0.6_fine_sealed.json,FINE_MESH_ADOPTED,"Inside the grid-checked envelope (M0.30–0.85). SimScale check: 15°/M0.85 passed, 3°/M0.30 failed.",False
ss_sweep_d10_M0.6_fine_sealed,SimScale,primary,0.6,10.0,203.5,24622.68854375,steady,0.3203938496008312,0.08575303747106407,1.810737508127671,0.4846417669321281,0.05821679979017677,0.015581658075122774,60.9848844528097,0.943605614423816,6.842086239764566,0.10586608547581379,-0.3124341019307966,-0.004834223682878188,[],7.303992239028052,0.21501173304364637,0.31416123584591765,not recorded,SimScale FINE sealed 1.6M,669f26b4-4e03-4931-900b-ee6a328cd41f,,/Users/trasomi/dev/cfd/simscale_sealed/results/ss_sweep_d10_M0.6_fine_sealed.json,6a5b63a4330aee1f2c632f12ba5f369aee678d4075203108fccc459af2caa340,ss_sweep_d10_M0.6_fine_sealed.json,FINE_MESH_ADOPTED,"Inside the grid-checked envelope (M0.30–0.85). SimScale check: 15°/M0.85 passed, 3°/M0.30 failed.",False
ss_sweep_d12_M0.6_fine_sealed,SimScale,primary,0.6,12.0,203.5,24622.68854375,steady,0.4000146244856255,0.10706344433648103,2.2590961286770455,0.6046444250241808,0.06384950685767812,0.017089245504858873,61.23676990534336,0.9475029822606995,8.521163935524495,0.13184608289630373,-0.3865217146116671,-0.005980564910088723,[],6.393019718108571,0.14454017709373917,0.15714319786703257,not recorded,SimScale FINE sealed 1.6M,2fa15ed8-07d2-499c-a420-7d1eeca03e22,,/Users/trasomi/dev/cfd/simscale_sealed/results/ss_sweep_d12_M0.6_fine_sealed.json,cd5ef3a801d80af6649a25145a7ff6bab974957fe37d161ccf8224952eee0780,ss_sweep_d12_M0.6_fine_sealed.json,FINE_MESH_ADOPTED,"Inside the grid-checked envelope (M0.30–0.85). SimScale check: 15°/M0.85 passed, 3°/M0.30 failed.",False
ss_sweep_d15_M0.6_fine_sealed,SimScale,primary,0.6,15.0,203.5,24622.68854375,steady,0.4805552106390761,0.12862003760742874,2.737217099056413,0.732612941085661,-0.02470489048362503,-0.006612234916494898,61.61409797487476,0.953341295936034,10.330723389949664,0.15984499567854513,-0.17763748468996277,-0.0027485454697430507,[],3.7423415047039303,0.06757533549172527,0.016314916490648326,not recorded,SimScale FINE sealed 1.6M,0f36745c-4b06-41f1-9eaf-214c0ef86371,,/Users/trasomi/dev/cfd/simscale_sealed/results/ss_sweep_d15_M0.6_fine_sealed.json,8897a46865ad2b4f9902f53d6d80d88d4834c62bf9a99c7e30b8a9a180347b1d,ss_sweep_d15_M0.6_fine_sealed.json,FINE_MESH_ADOPTED,"Inside the grid-checked envelope (M0.30–0.85). SimScale check: 15°/M0.85 passed, 3°/M0.30 failed.",False
ss_sweep_dm06_M0.7_fine_sealed,SimScale,primary,0.7,-6.0,237.4,33509.509727000004,steady,-0.2518623955000464,-0.04953316389900559,-1.5246891376112823,-0.29985689923416625,0.02859906563925471,0.005624508584757591,85.99117600460147,0.9776639403541455,-5.56307878108388,-0.0632486003136411,-0.29447187808240594,-0.0033479544067884946,[],11.852049509996116,0.07865833349284865,0.16234711982361838,not recorded,SimScale FINE sealed 1.6M,dacf4188-f3f5-494e-a7d4-eb0fb2506984,,/Users/trasomi/dev/cfd/simscale_sealed/results/ss_sweep_dm06_M0.7_fine_sealed.json,0fd6e35258bd69d852a46f83d5a0d373412a7d8244ab6da5f2c43a267b5a2a99,ss_sweep_dm06_M0.7_fine_sealed.json,FINE_MESH_ADOPTED,"Inside the grid-checked envelope (M0.30–0.85). SimScale check: 15°/M0.85 passed, 3°/M0.30 failed.",False
ss_sweep_d00_M0.7_fine_sealed,SimScale,primary,0.7,0.0,237.4,33509.509727000004,steady,0.0019170689041297397,0.00037702527225398337,-0.029459132005540026,-0.005793655742278471,0.03496982162158527,0.006877429647494373,85.9208043520297,0.976863860272221,0.0035239070615143537,4.006453944783318e-05,-0.2658563193506497,-0.0030226140497310768,"['mroll_drift(8.9%)', 'mroll_noisy(block_std=15.5%)']",1067.0390043657626,15.516991890528216,8.8872335070568,not recorded,SimScale FINE sealed 1.6M,61441e71-76e5-4b9c-822f-25d8513273d5,,/Users/trasomi/dev/cfd/simscale_sealed/results/ss_sweep_d00_M0.7_fine_sealed.json,c0e19499ed74a11977acf1638c096af32c7a3a677820d1caafa16f5342a27aed,ss_sweep_d00_M0.7_fine_sealed.json,FINE_MESH_ADOPTED,"Inside the grid-checked envelope (M0.30–0.85). SimScale check: 15°/M0.85 passed, 3°/M0.30 failed.",False
ss_sweep_d03_M0.7_fine_sealed,SimScale,primary,0.7,3.0,237.4,33509.509727000004,steady,0.136267771137239,0.026799450662303416,0.8219955639682334,0.16165986555260306,0.09759054598687983,0.01919289499237956,85.73790875478691,0.9747844558660731,3.157372174654722,0.03589727533523082,-0.44821314800911255,-0.005095893006250737,[],23.337280732198156,0.2569555892085026,0.005802671858882241,not recorded,SimScale FINE sealed 1.6M,b534c4b6-523b-4a97-ae4a-b4fd726b01d7,,/Users/trasomi/dev/cfd/simscale_sealed/results/ss_sweep_d03_M0.7_fine_sealed.json,2f9839b1fe70eef6d9ede8fc34e1ba09c9cd4f69f461b4d27c87e1bbd2fafef9,ss_sweep_d03_M0.7_fine_sealed.json,FINE_MESH_ADOPTED,"Inside the grid-checked envelope (M0.30–0.85). SimScale check: 15°/M0.85 passed, 3°/M0.30 failed.",False
ss_sweep_d06_M0.7_fine_sealed,SimScale,primary,0.7,6.0,237.4,33509.509727000004,steady,0.24926234446427753,0.04902181819436071,1.4514761158714746,0.28545827256272777,0.10097054979918955,0.019857632109971098,85.95363467018582,0.9772371197123509,5.54893738090883,0.06308782175868187,-0.508618141744101,-0.005782658636585367,[],12.385307269697336,0.04735306577734793,0.2095878978586025,not recorded,SimScale FINE sealed 1.6M,55557b82-6e60-4c36-8d3a-e4b8d31fc7da,,/Users/trasomi/dev/cfd/simscale_sealed/results/ss_sweep_d06_M0.7_fine_sealed.json,a16e7b4c2d238c78b032ee8308c24734ba5ef54d591a59b0a5252dc44e9aacb2,ss_sweep_d06_M0.7_fine_sealed.json,FINE_MESH_ADOPTED,"Inside the grid-checked envelope (M0.30–0.85). SimScale check: 15°/M0.85 passed, 3°/M0.30 failed.",False
ss_sweep_d09_M0.7_fine_sealed,SimScale,primary,0.7,9.0,237.4,33509.509727000004,steady,0.4255535039686291,0.0836925711677762,2.4333178452290216,0.4785546941487819,-0.028637382111806962,-0.005632044192092677,86.49569162146378,0.9833999559416683,9.19005604219231,0.10448498113113808,-0.21308871505402874,-0.0024226805875241847,[],3.290444923892091,0.0419867866904529,0.13336733906899498,not recorded,SimScale FINE sealed 1.6M,7d418bdd-58d5-4ed9-8f54-c3a279e328b6,,/Users/trasomi/dev/cfd/simscale_sealed/results/ss_sweep_d09_M0.7_fine_sealed.json,16236476db597405f97bb584394bdb846a2ea12d6ebfa71b49131cd9eebfde86,ss_sweep_d09_M0.7_fine_sealed.json,FINE_MESH_ADOPTED,"Inside the grid-checked envelope (M0.30–0.85). SimScale check: 15°/M0.85 passed, 3°/M0.30 failed.",False
ss_sweep_d10_M0.7_fine_sealed,SimScale,primary,0.7,10.0,237.4,33509.509727000004,steady,0.45774099657282447,0.09002280694392781,2.6117696752020443,0.5136503809208454,0.0029820547847810436,0.0005864734515730676,86.29146564862798,0.9810780389892286,9.83521040345846,0.11181996809466528,-0.2516336651933258,-0.002860911689654044,[],5.141202668544078,0.009607455139074815,0.01830170535320209,not recorded,SimScale FINE sealed 1.6M,83f3f6ec-df17-4990-85f5-94b2023c1132,,/Users/trasomi/dev/cfd/simscale_sealed/results/ss_sweep_d10_M0.7_fine_sealed.json,616979eb4b38849edb0d59609fc943d297d255d14e0d5865dfde39a86ed9f57a,ss_sweep_d10_M0.7_fine_sealed.json,FINE_MESH_ADOPTED,"Inside the grid-checked envelope (M0.30–0.85). SimScale check: 15°/M0.85 passed, 3°/M0.30 failed.",False
ss_sweep_d12_M0.7_fine_sealed,SimScale,primary,0.7,12.0,237.4,33509.509727000004,steady,0.5720332593854114,0.11250038790651755,3.2368903509278613,0.6365913417018617,0.011742495777424117,0.0023093680450856453,86.59633216120211,0.984544173653433,12.180150612716107,0.13848041851989296,-0.34540540838233963,-0.003927035636315066,[],4.321836434344078,0.05543581058405549,0.02095177564679231,not recorded,SimScale FINE sealed 1.6M,26c98517-ca85-490b-bfd6-36a9aafc9194,,/Users/trasomi/dev/cfd/simscale_sealed/results/ss_sweep_d12_M0.7_fine_sealed.json,1a027577156e5e0c86576e6737bdc5c9449ab4e469d82ff4576865cd754ccdcd,ss_sweep_d12_M0.7_fine_sealed.json,FINE_MESH_ADOPTED,"Inside the grid-checked envelope (M0.30–0.85). SimScale check: 15°/M0.85 passed, 3°/M0.30 failed.",False
ss_sweep_d15_M0.7_fine_sealed,SimScale,primary,0.7,15.0,237.4,33509.509727000004,steady,0.6803162842166705,0.13379614667113177,3.9042678210022874,0.7678428433087944,-0.050099877207043175,-0.00985302082944759,87.1251901347221,0.9905569460598902,14.694672854715893,0.1670689067514076,-0.23750188545215162,-0.0027002425127929915,[],4.880298186492446,0.04576184454127812,0.1282378774167474,not recorded,SimScale FINE sealed 1.6M,2b7ca8e0-e0bd-44d7-be98-28237563ecd5,,/Users/trasomi/dev/cfd/simscale_sealed/results/ss_sweep_d15_M0.7_fine_sealed.json,8e0d345beb8526a791e71f94a7f8d6c16b1336567e8d974b614c96fdddf9dbee,ss_sweep_d15_M0.7_fine_sealed.json,FINE_MESH_ADOPTED,"Inside the grid-checked envelope (M0.30–0.85). SimScale check: 15°/M0.85 passed, 3°/M0.30 failed.",False
ss_sweep_dm06_M0.8_fine_sealed,SimScale,primary,0.8,-6.0,271.3,43762.91398175,steady,-0.3794187806928243,-0.05713646998603136,-2.3093614793812725,-0.3477655023102037,0.021841883690061365,0.003289157509854338,124.59701482047913,1.0846888799970196,-8.33403741228548,-0.07255260264148304,-0.3326590029570136,-0.0028959884942529215,[],7.010434071468015,0.05285085042653567,0.06592428852932959,not recorded,SimScale FINE sealed 1.6M,0b5ef92e-9dbc-4187-9b27-8e92311c221d,,/Users/trasomi/dev/cfd/simscale_sealed/results/ss_sweep_dm06_M0.8_fine_sealed.json,46e874c36de7548222dbeffad07be7a8cd6b7cad7d795182ac04ffd5e196f447,ss_sweep_dm06_M0.8_fine_sealed.json,FINE_MESH_ADOPTED,"Inside the grid-checked envelope (M0.30–0.85). SimScale check: 15°/M0.85 passed, 3°/M0.30 failed.",False
ss_sweep_d00_M0.8_fine_sealed,SimScale,primary,0.8,0.0,271.3,43762.91398175,steady,0.0037524337597394245,0.0005650769803656619,-0.09013867855832307,-0.013573935092574497,-0.035997953731381746,-0.005420912478754739,124.49539129398033,1.0838041885836807,-0.13644998061015798,-0.001187875783837163,-0.08017303182056881,-0.0006979524847903878,"['mroll_drift(3.7%)', 'mroll_noisy(block_std=10.2%)']",700.969287973031,10.247207984090375,3.6561033224951647,not recorded,SimScale FINE sealed 1.6M,eb0bbcbd-72f5-49a7-9e0b-bf15d1ae2318,,/Users/trasomi/dev/cfd/simscale_sealed/results/ss_sweep_d00_M0.8_fine_sealed.json,4b4ef0ca38d88775d78b41ec9869d0d7b50e379ac520cef53314c2c05f485c2b,ss_sweep_d00_M0.8_fine_sealed.json,FINE_MESH_ADOPTED,"Inside the grid-checked envelope (M0.30–0.85). SimScale check: 15°/M0.85 passed, 3°/M0.30 failed.",False
ss_sweep_d03_M0.8_fine_sealed,SimScale,primary,0.8,3.0,271.3,43762.91398175,steady,0.19469222939416828,0.02931859804351485,1.1138601340386372,0.16773559811911304,0.11412197953207343,0.017185567478695228,124.2758581939112,1.081893026323659,4.279071281973302,0.03725178362385731,-0.5582244418909904,-0.004859665743469946,[],20.807677249561404,0.02460540998001639,0.27805243801500806,not recorded,SimScale FINE sealed 1.6M,f6f6b6c4-b05e-4314-8e18-4c374039df38,,/Users/trasomi/dev/cfd/simscale_sealed/results/ss_sweep_d03_M0.8_fine_sealed.json,9e203103d4f4acdd7bafb23631a64f2c73dfbe9cc5332ecee2bf39eade0decea,ss_sweep_d03_M0.8_fine_sealed.json,FINE_MESH_ADOPTED,"Inside the grid-checked envelope (M0.30–0.85). SimScale check: 15°/M0.85 passed, 3°/M0.30 failed.",False
ss_sweep_d06_M0.8_fine_sealed,SimScale,primary,0.8,6.0,271.3,43762.91398175,steady,0.3787309010530626,0.057032882561287974,2.199925032793946,0.33128552671596195,0.04146649921763956,0.006244417800426672,124.50500720745353,1.0838879006568023,8.290788631689166,0.07217609706104162,-0.35668085617199813,-0.0031051125819909504,[],2.0497775155362903,0.012330822624468323,0.05604641503116852,not recorded,SimScale FINE sealed 1.6M,61db24bf-8268-42f4-8b1a-cb09b535f0ae,,/Users/trasomi/dev/cfd/simscale_sealed/results/ss_sweep_d06_M0.8_fine_sealed.json,da4a164ee7e16b6819cc6a01bd0fae1046c6386ff1d34501e643a7769d0c0fab,ss_sweep_d06_M0.8_fine_sealed.json,FINE_MESH_ADOPTED,"Inside the grid-checked envelope (M0.30–0.85). SimScale check: 15°/M0.85 passed, 3°/M0.30 failed.",False
ss_sweep_d09_M0.8_fine_sealed,SimScale,primary,0.8,9.0,271.3,43762.91398175,steady,0.6024731913610507,0.090726113643431,3.5279132444445476,0.5312665568015743,-0.11817373194206196,-0.017795718693512305,125.16624558221046,1.0896443621030059,13.123394968205986,0.11424672260672973,0.0005043451434234373,4.390615373410923e-06,[],4.116075090697377,0.03533184689871538,0.022721659685053238,not recorded,SimScale FINE sealed 1.6M,f0bbff31-ea9d-4361-87d5-4fbf51e09ebe,,/Users/trasomi/dev/cfd/simscale_sealed/results/ss_sweep_d09_M0.8_fine_sealed.json,278cb890425833e0c4b07a4849dcd0e0568a9fce317f6edfd66164f54c53710f,ss_sweep_d09_M0.8_fine_sealed.json,FINE_MESH_ADOPTED,"Inside the grid-checked envelope (M0.30–0.85). SimScale check: 15°/M0.85 passed, 3°/M0.30 failed.",False
ss_sweep_d10_M0.8_fine_sealed,SimScale,primary,0.8,10.0,271.3,43762.91398175,steady,0.6610258760279453,0.09954353091508703,3.806098523299673,0.5731583282284868,-0.07415068888813638,-0.011166312332679633,125.02234328816307,1.0883916096322974,14.153373924075174,0.12321328349642627,-0.0748458424010749,-0.0006515762282381075,[],5.861732720927015,0.013797820329454804,0.13321164765256438,not recorded,SimScale FINE sealed 1.6M,1486c279-fac4-491b-a861-48099be5c1ae,,/Users/trasomi/dev/cfd/simscale_sealed/results/ss_sweep_d10_M0.8_fine_sealed.json,482c02fe0510abe96ec77cf216d535a54e5e5b1c674d84bba1d1f3d6611a244e,ss_sweep_d10_M0.8_fine_sealed.json,FINE_MESH_ADOPTED,"Inside the grid-checked envelope (M0.30–0.85). SimScale check: 15°/M0.85 passed, 3°/M0.30 failed.",False
ss_sweep_d12_M0.8_fine_sealed,SimScale,primary,0.8,12.0,271.3,43762.91398175,steady,0.8142066228181046,0.12261093713423135,4.703371780877989,0.7082782251858216,-0.14431295943045278,-0.021732010893179724,125.53706737542133,1.0928725796982341,17.4329811183884,0.151764155758938,0.06009692502058203,0.0005231783954516199,[],2.6271958965893227,0.029957191339883185,0.0751358242147048,not recorded,SimScale FINE sealed 1.6M,d4ecb6ff-f676-40b5-8cfb-28df8c0af89c,,/Users/trasomi/dev/cfd/simscale_sealed/results/ss_sweep_d12_M0.8_fine_sealed.json,3b346a04b4f24319a3c2f9b564f7ad2ed209f240d9feaaaf84867b5be9d285bb,ss_sweep_d12_M0.8_fine_sealed.json,FINE_MESH_ADOPTED,"Inside the grid-checked envelope (M0.30–0.85). SimScale check: 15°/M0.85 passed, 3°/M0.30 failed.",False
ss_sweep_d15_M0.8_fine_sealed,SimScale,primary,0.8,15.0,271.3,43762.91398175,steady,0.9865628113157278,0.14856596280011677,5.702655466393434,0.8587598175854565,-0.22297829395067728,-0.033578181281869,126.22342304047886,1.0988477016438403,21.14840231236498,0.18410904026053082,0.23453744295662055,0.002041783719172762,[],3.3605090490612612,0.03656802949130305,0.1365679032761914,not recorded,SimScale FINE sealed 1.6M,4a77b02b-a7de-43c5-9a9e-583c5c7dfdd7,,/Users/trasomi/dev/cfd/simscale_sealed/results/ss_sweep_d15_M0.8_fine_sealed.json,60d6ea0c70bfd7587aceb670834283d7c8e35f5d949c1ac2cdb00f627fdbbadf,ss_sweep_d15_M0.8_fine_sealed.json,FINE_MESH_ADOPTED,"Inside the grid-checked envelope (M0.30–0.85). SimScale check: 15°/M0.85 passed, 3°/M0.30 failed.",False
ss_sweep_dm06_M0.85_fine_sealed,SimScale,primary,0.85,-6.0,288.2,49384.94762299999,steady,-0.47011658484821506,-0.06273527243671578,-2.8399901402609466,-0.37898589607167654,-0.0680864098696389,-0.009085872760240503,158.37946232595866,1.221822305712367,-10.195644752285867,-0.07865455530985437,0.11727523511959649,0.0009047227214465668,[],7.374877291228551,0.016303959727274372,0.4256000805379452,not recorded,SimScale FINE sealed 1.6M,78bb42a6-e95f-468f-bda4-10b9e6d3883f,,/Users/trasomi/dev/cfd/simscale_sealed/results/ss_sweep_dm06_M0.85_fine_sealed.json,cef7e4ab04dd8caf3bafbf99460ac32284f29bbc727118d8097ef572050e5098,ss_sweep_dm06_M0.85_fine_sealed.json,FINE_MESH_ADOPTED,"Inside the grid-checked envelope (M0.30–0.85). SimScale check: 15°/M0.85 passed, 3°/M0.30 failed.",False
ss_sweep_d00_M0.85_fine_sealed,SimScale,primary,0.85,0.0,288.2,49384.94762299999,steady,0.00828678830706786,0.001105840420918447,-0.06358012644915932,-0.008484526355598945,-0.0680715967819616,-0.009083896009959794,158.61912259409652,1.2236711708183816,-0.10080154456659655,-0.0007776360254857396,0.10429184070891573,0.000804562001982936,"['mroll_drift(6.2%)', 'mroll_noisy(block_std=4.6%)']",241.07849165178945,4.643928196033035,6.230574019799776,not recorded,SimScale FINE sealed 1.6M,84c2fcdb-ad01-440b-8f9f-0f42684c8cbb,,/Users/trasomi/dev/cfd/simscale_sealed/results/ss_sweep_d00_M0.85_fine_sealed.json,ed5faa0b7a7dc924eb2eaeef47e629b17dd7c839bc907b8e2af46af95cca3d05,ss_sweep_d00_M0.85_fine_sealed.json,FINE_MESH_ADOPTED,"Inside the grid-checked envelope (M0.30–0.85). SimScale check: 15°/M0.85 passed, 3°/M0.30 failed.",False
ss_sweep_d03_M0.85_fine_sealed,SimScale,primary,0.85,3.0,288.2,49384.94762299999,steady,0.23659113679925448,0.031572188477472465,1.265676702309901,0.16889974805260718,0.0004343986912555757,5.796885521677591e-05,158.07526649526866,1.2194755794021284,4.790149703038509,0.036953729157310385,-0.02029632946421466,-0.000156576539023899,[],13.265203059216175,0.05921437502299261,0.1558120429865407,not recorded,SimScale FINE sealed 1.6M,d82bb9d2-cd21-4f5f-8f1e-5286cfd25014,,/Users/trasomi/dev/cfd/simscale_sealed/results/ss_sweep_d03_M0.85_fine_sealed.json,1f876c6d077f46cbe1204d3b9d96f4102f8fb475ea684e0081bff81989c8d21e,ss_sweep_d03_M0.85_fine_sealed.json,FINE_MESH_ADOPTED,"Inside the grid-checked envelope (M0.30–0.85). SimScale check: 15°/M0.85 passed, 3°/M0.30 failed.",False
ss_sweep_d06_M0.85_fine_sealed,SimScale,primary,0.85,6.0,288.2,49384.94762299999,steady,0.4679417287822498,0.06244504615624319,2.749526826271481,0.36691391045881067,-0.08789100391025358,-0.011728720604116642,158.27448412844427,1.221012448793718,10.099407007863398,0.0779121268342177,0.22004919348620472,0.0016975749823049792,[],6.556975866151744,0.08700799372963354,0.14536248191146695,not recorded,SimScale FINE sealed 1.6M,93f77c7b-edc8-4eb2-b0b8-f152222633a2,,/Users/trasomi/dev/cfd/simscale_sealed/results/ss_sweep_d06_M0.85_fine_sealed.json,e4f9ec31f47c40cd6a0af77a267bbd759a252e007adcd9a8202d1927e5f76bca,ss_sweep_d06_M0.85_fine_sealed.json,FINE_MESH_ADOPTED,"Inside the grid-checked envelope (M0.30–0.85). SimScale check: 15°/M0.85 passed, 3°/M0.30 failed.",False
ss_sweep_d09_M0.85_fine_sealed,SimScale,primary,0.85,9.0,288.2,49384.94762299999,steady,0.7258324570472797,0.09685958420499827,4.152070010264499,0.554077970583321,-0.2197314367433557,-0.029322325549216877,159.0068194337336,1.2266620677412912,15.181032854920533,0.117114455962224,0.48758137679414937,0.0037614586719012712,[],4.948507218634397,0.046963786114868636,0.11516141881856512,not recorded,SimScale FINE sealed 1.6M,b24a6c0b-3801-4266-a8e3-be7f97bb0fde,,/Users/trasomi/dev/cfd/simscale_sealed/results/ss_sweep_d09_M0.85_fine_sealed.json,6363d13ae72d03526120095eef02256e9a230d06981a63e90df201d6a2c595cf,ss_sweep_d09_M0.85_fine_sealed.json,FINE_MESH_ADOPTED,"Inside the grid-checked envelope (M0.30–0.85). SimScale check: 15°/M0.85 passed, 3°/M0.30 failed.",False
ss_sweep_d10_M0.85_fine_sealed,SimScale,primary,0.85,10.0,288.2,49384.94762299999,steady,0.8080155074130534,0.10782660009115716,4.585578026409731,0.6119279685899901,-0.27719038488988235,-0.036990003912581386,158.8729563437232,1.225629377600257,16.711190470852046,0.12891889499077064,0.7616270629517462,0.005875590941415376,[],5.478006642050775,0.044661962561593556,0.08590341507475012,not recorded,SimScale FINE sealed 1.6M,fb3c88af-b353-4bd0-bf2f-79cb620bf547,,/Users/trasomi/dev/cfd/simscale_sealed/results/ss_sweep_d10_M0.85_fine_sealed.json,21f3eeeecf141fc95d6c09e764aa18204953ebc30fe43f258f1dc3275f646352,ss_sweep_d10_M0.85_fine_sealed.json,FINE_MESH_ADOPTED,"Inside the grid-checked envelope (M0.30–0.85). SimScale check: 15°/M0.85 passed, 3°/M0.30 failed.",False
ss_sweep_d12_M0.85_fine_sealed,SimScale,primary,0.85,12.0,288.2,49384.94762299999,steady,0.987670072874215,0.1318008194060207,5.636380985496984,0.7521536318410112,-0.3499350996374395,-0.04669750976348139,159.56811085313288,1.2309921643722266,20.533282474771728,0.15840451892389684,0.8560095837196567,0.00660370724797448,[],2.440037598283371,0.03846643665489665,0.00645834769688502,not recorded,SimScale FINE sealed 1.6M,c20bd6d8-1761-4db9-8a0a-1036a78268da,,/Users/trasomi/dev/cfd/simscale_sealed/results/ss_sweep_d12_M0.85_fine_sealed.json,e6d9f6803ff354785a87cda143a5bde988c6e12527b9e4221c7a75260acb4a56,ss_sweep_d12_M0.85_fine_sealed.json,FINE_MESH_ADOPTED,"Inside the grid-checked envelope (M0.30–0.85). SimScale check: 15°/M0.85 passed, 3°/M0.30 failed.",False
ss_sweep_d15_M0.85_fine_sealed,SimScale,primary,0.85,15.0,288.2,49384.94762299999,steady,1.2069131202357506,0.16105797124745705,6.811608758460364,0.9089833138567112,-0.4851849470309701,-0.06474608813047705,160.5059570215546,1.2382272019905902,24.83212022585799,0.1915680097943587,1.2074377339513447,0.00931480846338716,[],2.40663487878322,0.06064533381451983,0.009966982425435023,not recorded,SimScale FINE sealed 1.6M,b7bf49ef-62f6-4ad0-857b-980dd9512dc5,,/Users/trasomi/dev/cfd/simscale_sealed/results/ss_sweep_d15_M0.85_fine_sealed.json,59014f51bb377efb380903903efeadf3f17cad23a89b42976e7e17a649efa294,ss_sweep_d15_M0.85_fine_sealed.json,GRID_PASS,Grid-check point: refinement changes roll by -1.43 %.,False
